[0m15:41:36.910764 [debug] [MainThread]: Sending event: {'category': 'dbt', 'action': 'invocation', 'label': 'start', 'context': [<snowplow_tracker.self_describing_json.SelfDescribingJson object at 0x000001C29253F220>, <snowplow_tracker.self_describing_json.SelfDescribingJson object at 0x000001C29391C340>, <snowplow_tracker.self_describing_json.SelfDescribingJson object at 0x000001C29391C190>]}


============================== 15:41:36.972505 | 4e444341-a49b-4af3-b954-b75ece1e76fe ==============================
[0m15:41:36.972505 [info ] [MainThread]: Running with dbt=1.11.11
[0m15:41:36.974492 [debug] [MainThread]: running dbt with arguments {'partial_parse': 'True', 'static_parser': 'True', 'send_anonymous_usage_stats': 'True', 'use_colors': 'True', 'cache_selected_only': 'False', 'target_path': 'None', 'warn_error': 'None', 'invocation_command': 'dbt deps', 'log_format': 'default', 'version_check': 'True', 'introspect': 'True', 'debug': 'False', 'printer_width': '80', 'fail_fast': 'False', 'no_print': 'None', 'empty': 'None', 'use_experimental_parser': 'False', 'quiet': 'False', 'log_cache_events': 'False', 'indirect_selection': 'eager', 'log_path': 'C:\\Users\\anany\\Projects\\DataSense\\dbt_project\\logs', 'write_json': 'True', 'warn_error_options': 'WarnErrorOptionsV2(error=[], warn=[], silence=[])', 'profiles_dir': 'C:\\Users\\anany\\Projects\\DataSense\\dbt_project'}
[0m15:41:37.244458 [debug] [MainThread]: Sending event: {'category': 'dbt', 'action': 'project_id', 'label': '4e444341-a49b-4af3-b954-b75ece1e76fe', 'context': [<snowplow_tracker.self_describing_json.SelfDescribingJson object at 0x000001C29384BE20>]}
[0m15:41:37.278481 [debug] [MainThread]: Set downloads directory='C:\Users\anany\AppData\Local\Temp\dbt-downloads-gjsaw3mg'
[0m15:41:37.278481 [debug] [MainThread]: Making package index registry request: GET https://hub.getdbt.com/api/v1/index.json
[0m15:41:37.605213 [debug] [MainThread]: Response from registry index: GET https://hub.getdbt.com/api/v1/index.json 200
[0m15:41:37.608215 [debug] [MainThread]: Making package registry request: GET https://hub.getdbt.com/api/v1/dbt-labs/dbt_utils.json
[0m15:41:37.668993 [debug] [MainThread]: Response from registry: GET https://hub.getdbt.com/api/v1/dbt-labs/dbt_utils.json 200
[0m15:41:37.684101 [info ] [MainThread]: Updating lock file in file path: C:\Users\anany\Projects\DataSense\dbt_project/package-lock.yml
[0m15:41:37.703156 [debug] [MainThread]: Set downloads directory='C:\Users\anany\AppData\Local\Temp\dbt-downloads-_93pzfzs'
[0m15:41:37.705886 [info ] [MainThread]: Installing dbt-labs/dbt_utils
[0m15:41:38.503970 [info ] [MainThread]: Installed from version 1.3.3
[0m15:41:38.503970 [info ] [MainThread]: Up to date!
[0m15:41:38.504963 [debug] [MainThread]: Sending event: {'category': 'dbt', 'action': 'package', 'label': '4e444341-a49b-4af3-b954-b75ece1e76fe', 'property_': 'install', 'context': [<snowplow_tracker.self_describing_json.SelfDescribingJson object at 0x000001C2929084C0>, <snowplow_tracker.self_describing_json.SelfDescribingJson object at 0x000001C294BA00A0>]}
[0m15:41:38.505990 [debug] [MainThread]: Command `dbt deps` succeeded at 15:41:38.505990 after 1.69 seconds
[0m15:41:38.505990 [debug] [MainThread]: Sending event: {'category': 'dbt', 'action': 'invocation', 'label': 'end', 'context': [<snowplow_tracker.self_describing_json.SelfDescribingJson object at 0x000001C290B2E200>, <snowplow_tracker.self_describing_json.SelfDescribingJson object at 0x000001C2928D9180>, <snowplow_tracker.self_describing_json.SelfDescribingJson object at 0x000001C2929DB640>]}
[0m15:41:38.506969 [debug] [MainThread]: Flushing usage events
[0m15:41:38.911671 [debug] [MainThread]: An error was encountered while trying to flush usage events
[0m15:42:19.049475 [debug] [MainThread]: Sending event: {'category': 'dbt', 'action': 'invocation', 'label': 'start', 'context': [<snowplow_tracker.self_describing_json.SelfDescribingJson object at 0x000002003308E230>, <snowplow_tracker.self_describing_json.SelfDescribingJson object at 0x00000200342243D0>, <snowplow_tracker.self_describing_json.SelfDescribingJson object at 0x00000200342241F0>]}


============================== 15:42:19.052467 | 893052cd-c15c-440e-bba6-380f0e49ef29 ==============================
[0m15:42:19.052467 [info ] [MainThread]: Running with dbt=1.11.11
[0m15:42:19.052467 [debug] [MainThread]: running dbt with arguments {'partial_parse': 'True', 'profiles_dir': 'C:\\Users\\anany\\Projects\\DataSense\\dbt_project', 'send_anonymous_usage_stats': 'True', 'warn_error': 'None', 'cache_selected_only': 'False', 'target_path': 'None', 'version_check': 'True', 'invocation_command': 'dbt run', 'log_format': 'default', 'use_colors': 'True', 'introspect': 'True', 'debug': 'False', 'log_cache_events': 'False', 'fail_fast': 'False', 'no_print': 'None', 'quiet': 'False', 'empty': 'False', 'use_experimental_parser': 'False', 'printer_width': '80', 'log_path': 'C:\\Users\\anany\\Projects\\DataSense\\dbt_project\\logs', 'indirect_selection': 'eager', 'write_json': 'True', 'static_parser': 'True', 'warn_error_options': 'WarnErrorOptionsV2(error=[], warn=[], silence=[])'}
[0m15:42:19.058367 [error] [MainThread]: Encountered an error:
Parsing Error
  Env var required but not provided: 'SNOWFLAKE_ACCOUNT'
[0m15:42:19.058367 [debug] [MainThread]: Command `dbt run` failed at 15:42:19.058367 after 0.17 seconds
[0m15:42:19.059397 [debug] [MainThread]: Sending event: {'category': 'dbt', 'action': 'invocation', 'label': 'end', 'context': [<snowplow_tracker.self_describing_json.SelfDescribingJson object at 0x000002003308E230>, <snowplow_tracker.self_describing_json.SelfDescribingJson object at 0x0000020034227850>, <snowplow_tracker.self_describing_json.SelfDescribingJson object at 0x0000020034227CD0>]}
[0m15:42:19.060391 [debug] [MainThread]: Flushing usage events
[0m15:42:19.781577 [debug] [MainThread]: An error was encountered while trying to flush usage events
[0m15:43:13.030347 [debug] [MainThread]: Sending event: {'category': 'dbt', 'action': 'invocation', 'label': 'start', 'context': [<snowplow_tracker.self_describing_json.SelfDescribingJson object at 0x000002346E4656C0>, <snowplow_tracker.self_describing_json.SelfDescribingJson object at 0x000002346EE394E0>, <snowplow_tracker.self_describing_json.SelfDescribingJson object at 0x000002346F50BA30>]}


============================== 15:43:13.038102 | 37748f8a-288f-482e-a270-b2227007ca01 ==============================
[0m15:43:13.038102 [info ] [MainThread]: Running with dbt=1.11.11
[0m15:43:13.040160 [debug] [MainThread]: running dbt with arguments {'partial_parse': 'True', 'write_json': 'True', 'send_anonymous_usage_stats': 'True', 'warn_error': 'None', 'cache_selected_only': 'False', 'target_path': 'None', 'use_colors': 'True', 'invocation_command': 'dbt run', 'log_format': 'default', 'version_check': 'True', 'introspect': 'True', 'debug': 'False', 'log_cache_events': 'False', 'fail_fast': 'False', 'no_print': 'None', 'quiet': 'False', 'empty': 'False', 'use_experimental_parser': 'False', 'printer_width': '80', 'log_path': 'C:\\Users\\anany\\Projects\\DataSense\\dbt_project\\logs', 'indirect_selection': 'eager', 'profiles_dir': 'C:\\Users\\anany\\Projects\\DataSense\\dbt_project', 'warn_error_options': 'WarnErrorOptionsV2(error=[], warn=[], silence=[])', 'static_parser': 'True'}
[0m15:43:14.875917 [debug] [MainThread]: Snowflake adapter: Setting snowflake.connector to ERROR (file logging only)
[0m15:43:14.875917 [debug] [MainThread]: Snowflake adapter: Setting botocore to ERROR (file logging only)
[0m15:43:14.889928 [debug] [MainThread]: Snowflake adapter: Setting boto3 to ERROR (file logging only)
[0m15:43:15.799818 [debug] [MainThread]: Sending event: {'category': 'dbt', 'action': 'project_id', 'label': '37748f8a-288f-482e-a270-b2227007ca01', 'context': [<snowplow_tracker.self_describing_json.SelfDescribingJson object at 0x000002346EDD9B70>]}
[0m15:43:16.073908 [debug] [MainThread]: Sending event: {'category': 'dbt', 'action': 'adapter_info', 'label': '37748f8a-288f-482e-a270-b2227007ca01', 'context': [<snowplow_tracker.self_describing_json.SelfDescribingJson object at 0x000002346F38CAC0>]}
[0m15:43:16.079414 [info ] [MainThread]: Registered adapter: snowflake=1.11.5
[0m15:43:17.086995 [debug] [MainThread]: checksum: 30a8cc8fdcbf66701b0944d4ccce3fa46dd04b61e5df68b9f16d57b2e0e3f0be, vars: {}, profile: , target: , version: 1.11.11
[0m15:43:17.087993 [info ] [MainThread]: Unable to do partial parsing because saved manifest not found. Starting full parse.
[0m15:43:17.087993 [debug] [MainThread]: Sending event: {'category': 'dbt', 'action': 'partial_parser', 'label': '37748f8a-288f-482e-a270-b2227007ca01', 'context': [<snowplow_tracker.self_describing_json.SelfDescribingJson object at 0x00000234087FD7B0>]}
[0m15:43:21.806178 [warn ] [MainThread]: [[33mWARNING[0m][MissingArgumentsPropertyInGenericTestDeprecation]: Deprecated
functionality
Found top-level arguments to test `dbt_utils.expression_is_true` defined on
'gold_daily_revenue' in package 'datasense_dbt' (models\gold\schema.yml).
Arguments to generic tests should be nested under the `arguments` property.
[0m15:43:21.807177 [debug] [MainThread]: Sending event: {'category': 'dbt', 'action': 'deprecation', 'label': '37748f8a-288f-482e-a270-b2227007ca01', 'property_': 'warn', 'context': [<snowplow_tracker.self_describing_json.SelfDescribingJson object at 0x000002340A29D990>]}
[0m15:43:21.994645 [debug] [MainThread]: Sending event: {'category': 'dbt', 'action': 'load_project', 'label': '37748f8a-288f-482e-a270-b2227007ca01', 'context': [<snowplow_tracker.self_describing_json.SelfDescribingJson object at 0x000002340A3C03A0>]}
[0m15:43:22.180741 [debug] [MainThread]: Wrote artifact WritableManifest to C:\Users\anany\Projects\DataSense\dbt_project\target\manifest.json
[0m15:43:22.183612 [debug] [MainThread]: Wrote artifact SemanticManifest to C:\Users\anany\Projects\DataSense\dbt_project\target\semantic_manifest.json
[0m15:43:22.197605 [debug] [MainThread]: Sending event: {'category': 'dbt', 'action': 'resource_counts', 'label': '37748f8a-288f-482e-a270-b2227007ca01', 'context': [<snowplow_tracker.self_describing_json.SelfDescribingJson object at 0x000002340A3B1B70>]}
[0m15:43:22.197605 [info ] [MainThread]: Found 6 models, 25 data tests, 1 source, 652 macros
[0m15:43:22.198605 [debug] [MainThread]: Sending event: {'category': 'dbt', 'action': 'runnable_timing', 'label': '37748f8a-288f-482e-a270-b2227007ca01', 'context': [<snowplow_tracker.self_describing_json.SelfDescribingJson object at 0x000002340A3E01F0>]}
[0m15:43:22.199606 [info ] [MainThread]: 
[0m15:43:22.200605 [info ] [MainThread]: Concurrency: 4 threads (target='dev')
[0m15:43:22.200605 [info ] [MainThread]: 
[0m15:43:22.200605 [debug] [MainThread]: Acquiring new snowflake connection 'master'
[0m15:43:22.204604 [debug] [ThreadPool]: Acquiring new snowflake connection 'list_DATASENSE_DB'
[0m15:43:22.219615 [debug] [ThreadPool]: Acquiring new snowflake connection 'list_DATASENSE_DB'
[0m15:43:22.220614 [debug] [ThreadPool]: Acquiring new snowflake connection 'list_DATASENSE_DB'
[0m15:43:25.917100 [debug] [ThreadPool]: Using snowflake connection "list_DATASENSE_DB"
[0m15:43:25.917100 [debug] [ThreadPool]: On list_DATASENSE_DB: show terse schemas in database DATASENSE_DB
    limit 10000
/* {"app": "dbt", "dbt_version": "1.11.11", "profile_name": "datasense_dbt", "target_name": "dev", "connection_name": "list_DATASENSE_DB"} */
[0m15:43:25.917100 [debug] [ThreadPool]: Opening a new connection, currently in state init
[0m15:43:25.918059 [debug] [ThreadPool]: Using snowflake connection "list_DATASENSE_DB"
[0m15:43:25.918059 [debug] [ThreadPool]: On list_DATASENSE_DB: show terse schemas in database DATASENSE_DB
    limit 10000
/* {"app": "dbt", "dbt_version": "1.11.11", "profile_name": "datasense_dbt", "target_name": "dev", "connection_name": "list_DATASENSE_DB"} */
[0m15:43:25.918059 [debug] [ThreadPool]: Opening a new connection, currently in state init
[0m15:43:25.919058 [debug] [ThreadPool]: Using snowflake connection "list_DATASENSE_DB"
[0m15:43:25.919058 [debug] [ThreadPool]: On list_DATASENSE_DB: show terse schemas in database DATASENSE_DB
    limit 10000
/* {"app": "dbt", "dbt_version": "1.11.11", "profile_name": "datasense_dbt", "target_name": "dev", "connection_name": "list_DATASENSE_DB"} */
[0m15:43:25.919058 [debug] [ThreadPool]: Opening a new connection, currently in state init
[0m15:43:27.366322 [debug] [ThreadPool]: SQL status: SUCCESS 3 in 1.449 seconds
[0m15:43:27.461624 [debug] [ThreadPool]: SQL status: SUCCESS 3 in 1.542 seconds
[0m15:43:27.663698 [debug] [ThreadPool]: SQL status: SUCCESS 3 in 1.746 seconds
[0m15:43:27.668074 [debug] [ThreadPool]: Re-using an available connection from the pool (formerly list_DATASENSE_DB, now create_DATASENSE_DB_PUBLIC_gold)
[0m15:43:27.669074 [debug] [ThreadPool]: Creating schema "database: "DATASENSE_DB"
schema: "PUBLIC_gold"
"
[0m15:43:27.677968 [debug] [ThreadPool]: Using snowflake connection "create_DATASENSE_DB_PUBLIC_gold"
[0m15:43:27.677968 [debug] [ThreadPool]: On create_DATASENSE_DB_PUBLIC_gold: create schema if not exists DATASENSE_DB.PUBLIC_gold
/* {"app": "dbt", "dbt_version": "1.11.11", "profile_name": "datasense_dbt", "target_name": "dev", "connection_name": "create_DATASENSE_DB_PUBLIC_gold"} */
[0m15:43:27.678968 [debug] [ThreadPool]: Re-using an available connection from the pool (formerly list_DATASENSE_DB, now create_DATASENSE_DB_PUBLIC_silver)
[0m15:43:27.680016 [debug] [ThreadPool]: Creating schema "database: "DATASENSE_DB"
schema: "PUBLIC_silver"
"
[0m15:43:27.682068 [debug] [ThreadPool]: Using snowflake connection "create_DATASENSE_DB_PUBLIC_silver"
[0m15:43:27.683071 [debug] [ThreadPool]: On create_DATASENSE_DB_PUBLIC_silver: create schema if not exists DATASENSE_DB.PUBLIC_silver
/* {"app": "dbt", "dbt_version": "1.11.11", "profile_name": "datasense_dbt", "target_name": "dev", "connection_name": "create_DATASENSE_DB_PUBLIC_silver"} */
[0m15:43:27.684012 [debug] [ThreadPool]: Re-using an available connection from the pool (formerly list_DATASENSE_DB, now create_DATASENSE_DB_PUBLIC_bronze)
[0m15:43:27.685051 [debug] [ThreadPool]: Creating schema "database: "DATASENSE_DB"
schema: "PUBLIC_bronze"
"
[0m15:43:27.686966 [debug] [ThreadPool]: Using snowflake connection "create_DATASENSE_DB_PUBLIC_bronze"
[0m15:43:27.687966 [debug] [ThreadPool]: On create_DATASENSE_DB_PUBLIC_bronze: create schema if not exists DATASENSE_DB.PUBLIC_bronze
/* {"app": "dbt", "dbt_version": "1.11.11", "profile_name": "datasense_dbt", "target_name": "dev", "connection_name": "create_DATASENSE_DB_PUBLIC_bronze"} */
[0m15:43:27.977042 [debug] [ThreadPool]: SQL status: SUCCESS 1 in 0.294 seconds
[0m15:43:27.993081 [debug] [ThreadPool]: SQL status: SUCCESS 1 in 0.315 seconds
[0m15:43:27.997200 [debug] [ThreadPool]: SQL status: SUCCESS 1 in 0.309 seconds
[0m15:43:28.001215 [debug] [ThreadPool]: Acquiring new snowflake connection 'list_DATASENSE_DB_PUBLIC_gold'
[0m15:43:28.008102 [debug] [ThreadPool]: Acquiring new snowflake connection 'list_DATASENSE_DB_PUBLIC_silver'
[0m15:43:28.018066 [debug] [ThreadPool]: Using snowflake connection "list_DATASENSE_DB_PUBLIC_silver"
[0m15:43:28.018066 [debug] [ThreadPool]: On list_DATASENSE_DB_PUBLIC_silver: show objects in DATASENSE_DB.PUBLIC_silver
    limit 10000
    

/* {"app": "dbt", "dbt_version": "1.11.11", "profile_name": "datasense_dbt", "target_name": "dev", "connection_name": "list_DATASENSE_DB_PUBLIC_silver"} */;
[0m15:43:28.018066 [debug] [ThreadPool]: Opening a new connection, currently in state init
[0m15:43:28.022180 [debug] [ThreadPool]: Using snowflake connection "list_DATASENSE_DB_PUBLIC_gold"
[0m15:43:28.022180 [debug] [ThreadPool]: On list_DATASENSE_DB_PUBLIC_gold: show objects in DATASENSE_DB.PUBLIC_gold
    limit 10000
    

/* {"app": "dbt", "dbt_version": "1.11.11", "profile_name": "datasense_dbt", "target_name": "dev", "connection_name": "list_DATASENSE_DB_PUBLIC_gold"} */;
[0m15:43:28.023083 [debug] [ThreadPool]: Opening a new connection, currently in state init
[0m15:43:28.023083 [debug] [ThreadPool]: Acquiring new snowflake connection 'list_DATASENSE_DB_PUBLIC_bronze'
[0m15:43:28.025765 [debug] [ThreadPool]: Using snowflake connection "list_DATASENSE_DB_PUBLIC_bronze"
[0m15:43:28.025765 [debug] [ThreadPool]: On list_DATASENSE_DB_PUBLIC_bronze: show objects in DATASENSE_DB.PUBLIC_bronze
    limit 10000
    

/* {"app": "dbt", "dbt_version": "1.11.11", "profile_name": "datasense_dbt", "target_name": "dev", "connection_name": "list_DATASENSE_DB_PUBLIC_bronze"} */;
[0m15:43:28.025765 [debug] [ThreadPool]: Opening a new connection, currently in state init
[0m15:43:28.687324 [debug] [ThreadPool]: SQL status: SUCCESS 0 in 0.669 seconds
[0m15:43:28.862917 [debug] [ThreadPool]: SQL status: SUCCESS 0 in 0.836 seconds
[0m15:43:28.883269 [debug] [ThreadPool]: SQL status: SUCCESS 0 in 0.860 seconds
[0m15:43:28.886566 [debug] [MainThread]: Sending event: {'category': 'dbt', 'action': 'runnable_timing', 'label': '37748f8a-288f-482e-a270-b2227007ca01', 'context': [<snowplow_tracker.self_describing_json.SelfDescribingJson object at 0x000002346F509E40>]}
[0m15:43:28.897714 [debug] [Thread-2 (]: Began running node model.datasense_dbt.bronze_retail_raw
[0m15:43:28.898712 [info ] [Thread-2 (]: 1 of 6 START sql view model PUBLIC_bronze.bronze_retail_raw .................... [RUN]
[0m15:43:28.899712 [debug] [Thread-2 (]: Acquiring new snowflake connection 'model.datasense_dbt.bronze_retail_raw'
[0m15:43:28.899712 [debug] [Thread-2 (]: Began compiling node model.datasense_dbt.bronze_retail_raw
[0m15:43:28.909147 [debug] [Thread-2 (]: Writing injected SQL for node "model.datasense_dbt.bronze_retail_raw"
[0m15:43:28.912686 [debug] [Thread-2 (]: Began executing node model.datasense_dbt.bronze_retail_raw
[0m15:43:28.935090 [debug] [Thread-2 (]: Writing runtime sql for node "model.datasense_dbt.bronze_retail_raw"
[0m15:43:28.937857 [debug] [Thread-2 (]: Using snowflake connection "model.datasense_dbt.bronze_retail_raw"
[0m15:43:28.938902 [debug] [Thread-2 (]: On model.datasense_dbt.bronze_retail_raw: create or replace   view DATASENSE_DB.PUBLIC_bronze.bronze_retail_raw
  
  
  
  
  as (
    SELECT
    InvoiceNo,
    StockCode,
    Description,
    Quantity,
    InvoiceDate,
    UnitPrice,
    CustomerID,
    Country,
    CURRENT_TIMESTAMP() AS _loaded_at
FROM DATASENSE_DB.PUBLIC.online_retail_ii
  )
/* {"app": "dbt", "dbt_version": "1.11.11", "profile_name": "datasense_dbt", "target_name": "dev", "node_id": "model.datasense_dbt.bronze_retail_raw"} */;
[0m15:43:28.938902 [debug] [Thread-2 (]: Opening a new connection, currently in state init
[0m15:43:29.441178 [debug] [Thread-2 (]: Snowflake adapter: Snowflake query id: 01c5185b-0105-f7c4-000e-830e00149072
[0m15:43:29.441178 [debug] [Thread-2 (]: Snowflake adapter: Snowflake error: 002003 (42S02): SQL compilation error:
Object 'DATASENSE_DB.PUBLIC.ONLINE_RETAIL_II' does not exist or not authorized.
[0m15:43:29.452179 [debug] [Thread-2 (]: Database Error in model bronze_retail_raw (models\bronze\bronze_retail_raw.sql)
  002003 (42S02): SQL compilation error:
  Object 'DATASENSE_DB.PUBLIC.ONLINE_RETAIL_II' does not exist or not authorized.
  compiled code at target\run\datasense_dbt\models\bronze\bronze_retail_raw.sql
[0m15:43:29.453997 [debug] [Thread-2 (]: Sending event: {'category': 'dbt', 'action': 'run_model', 'label': '37748f8a-288f-482e-a270-b2227007ca01', 'context': [<snowplow_tracker.self_describing_json.SelfDescribingJson object at 0x0000023408594C10>]}
[0m15:43:29.455016 [error] [Thread-2 (]: 1 of 6 ERROR creating sql view model PUBLIC_bronze.bronze_retail_raw ........... [[31mERROR[0m in 0.55s]
[0m15:43:29.455016 [debug] [Thread-2 (]: Finished running node model.datasense_dbt.bronze_retail_raw
[0m15:43:29.456015 [debug] [Thread-8 (]: Marking all children of 'model.datasense_dbt.bronze_retail_raw' to be skipped because of status 'error'.  Reason: Database Error in model bronze_retail_raw (models\bronze\bronze_retail_raw.sql)
  002003 (42S02): SQL compilation error:
  Object 'DATASENSE_DB.PUBLIC.ONLINE_RETAIL_II' does not exist or not authorized.
  compiled code at target\run\datasense_dbt\models\bronze\bronze_retail_raw.sql.
[0m15:43:29.456015 [debug] [Thread-4 (]: Began running node model.datasense_dbt.silver_retail_cleaned
[0m15:43:29.457014 [info ] [Thread-4 (]: 2 of 6 SKIP relation PUBLIC_silver.silver_retail_cleaned ....................... [[33mSKIP[0m]
[0m15:43:29.457014 [debug] [Thread-4 (]: Finished running node model.datasense_dbt.silver_retail_cleaned
[0m15:43:29.458895 [debug] [Thread-3 (]: Began running node model.datasense_dbt.gold_customer_metrics
[0m15:43:29.458895 [debug] [Thread-2 (]: Began running node model.datasense_dbt.gold_daily_revenue
[0m15:43:29.458895 [info ] [Thread-3 (]: 3 of 6 SKIP relation PUBLIC_gold.gold_customer_metrics ......................... [[33mSKIP[0m]
[0m15:43:29.461012 [debug] [Thread-3 (]: Finished running node model.datasense_dbt.gold_customer_metrics
[0m15:43:29.461012 [debug] [Thread-5 (]: Began running node model.datasense_dbt.gold_product_velocity
[0m15:43:29.460011 [info ] [Thread-2 (]: 4 of 6 SKIP relation PUBLIC_gold.gold_daily_revenue ............................ [[33mSKIP[0m]
[0m15:43:29.462017 [info ] [Thread-5 (]: 5 of 6 SKIP relation PUBLIC_gold.gold_product_velocity ......................... [[33mSKIP[0m]
[0m15:43:29.462017 [debug] [Thread-2 (]: Finished running node model.datasense_dbt.gold_daily_revenue
[0m15:43:29.463046 [debug] [Thread-5 (]: Finished running node model.datasense_dbt.gold_product_velocity
[0m15:43:29.463046 [debug] [Thread-4 (]: Began running node model.datasense_dbt.gold_anomaly_features
[0m15:43:29.464018 [info ] [Thread-4 (]: 6 of 6 SKIP relation PUBLIC_gold.gold_anomaly_features ......................... [[33mSKIP[0m]
[0m15:43:29.464018 [debug] [Thread-4 (]: Finished running node model.datasense_dbt.gold_anomaly_features
[0m15:43:29.466052 [debug] [MainThread]: Connection 'master' was properly closed.
[0m15:43:29.466052 [debug] [MainThread]: Connection 'create_DATASENSE_DB_PUBLIC_gold' was left open.
[0m15:43:29.467046 [debug] [MainThread]: On create_DATASENSE_DB_PUBLIC_gold: Close
[0m15:43:29.608736 [debug] [MainThread]: Connection 'create_DATASENSE_DB_PUBLIC_bronze' was left open.
[0m15:43:29.609062 [debug] [MainThread]: On create_DATASENSE_DB_PUBLIC_bronze: Close
[0m15:43:29.760316 [debug] [MainThread]: Connection 'create_DATASENSE_DB_PUBLIC_silver' was left open.
[0m15:43:29.761319 [debug] [MainThread]: On create_DATASENSE_DB_PUBLIC_silver: Close
[0m15:43:29.918682 [debug] [MainThread]: Connection 'list_DATASENSE_DB_PUBLIC_gold' was left open.
[0m15:43:29.918682 [debug] [MainThread]: On list_DATASENSE_DB_PUBLIC_gold: Close
[0m15:43:30.056724 [debug] [MainThread]: Connection 'list_DATASENSE_DB_PUBLIC_silver' was left open.
[0m15:43:30.057745 [debug] [MainThread]: On list_DATASENSE_DB_PUBLIC_silver: Close
[0m15:43:30.202238 [debug] [MainThread]: Connection 'list_DATASENSE_DB_PUBLIC_bronze' was left open.
[0m15:43:30.202238 [debug] [MainThread]: On list_DATASENSE_DB_PUBLIC_bronze: Close
[0m15:43:30.359287 [debug] [MainThread]: Connection 'model.datasense_dbt.bronze_retail_raw' was left open.
[0m15:43:30.360327 [debug] [MainThread]: On model.datasense_dbt.bronze_retail_raw: Close
[0m15:43:30.537190 [info ] [MainThread]: 
[0m15:43:30.537190 [info ] [MainThread]: Finished running 5 table models, 1 view model in 0 hours 0 minutes and 8.34 seconds (8.34s).
[0m15:43:30.538191 [debug] [MainThread]: Command end result
[0m15:43:30.581214 [debug] [MainThread]: Wrote artifact WritableManifest to C:\Users\anany\Projects\DataSense\dbt_project\target\manifest.json
[0m15:43:30.584026 [debug] [MainThread]: Wrote artifact SemanticManifest to C:\Users\anany\Projects\DataSense\dbt_project\target\semantic_manifest.json
[0m15:43:30.590050 [debug] [MainThread]: Wrote artifact RunExecutionResult to C:\Users\anany\Projects\DataSense\dbt_project\target\run_results.json
[0m15:43:30.590050 [info ] [MainThread]: 
[0m15:43:30.590050 [info ] [MainThread]: [31mCompleted with 1 error, 0 partial successes, and 0 warnings:[0m
[0m15:43:30.591050 [info ] [MainThread]: 
[0m15:43:30.592050 [error] [MainThread]: [31mFailure in model bronze_retail_raw (models\bronze\bronze_retail_raw.sql)[0m
[0m15:43:30.593049 [error] [MainThread]:   Database Error in model bronze_retail_raw (models\bronze\bronze_retail_raw.sql)
  002003 (42S02): SQL compilation error:
  Object 'DATASENSE_DB.PUBLIC.ONLINE_RETAIL_II' does not exist or not authorized.
  compiled code at target\run\datasense_dbt\models\bronze\bronze_retail_raw.sql
[0m15:43:30.593049 [info ] [MainThread]: 
[0m15:43:30.594049 [info ] [MainThread]:   compiled code at target\compiled\datasense_dbt\models\bronze\bronze_retail_raw.sql
[0m15:43:30.594049 [info ] [MainThread]: 
[0m15:43:30.594049 [info ] [MainThread]: Done. PASS=0 WARN=0 ERROR=1 SKIP=5 NO-OP=0 TOTAL=6
[0m15:43:30.595049 [warn ] [MainThread]: [[33mWARNING[0m][DeprecationsSummary]: Deprecated functionality
Summary of encountered deprecations:
- MissingArgumentsPropertyInGenericTestDeprecation: 9 occurrences
To see all deprecation instances instead of just the first occurrence of each,
run command again with the `--show-all-deprecations` flag. You may also need to
run with `--no-partial-parse` as some deprecations are only encountered during
parsing.
[0m15:43:30.596050 [debug] [MainThread]: Command `dbt run` failed at 15:43:30.596050 after 17.75 seconds
[0m15:43:30.597050 [debug] [MainThread]: Sending event: {'category': 'dbt', 'action': 'invocation', 'label': 'end', 'context': [<snowplow_tracker.self_describing_json.SelfDescribingJson object at 0x000002346E4656C0>, <snowplow_tracker.self_describing_json.SelfDescribingJson object at 0x000002346F4AF970>, <snowplow_tracker.self_describing_json.SelfDescribingJson object at 0x000002340A37F940>]}
[0m15:43:30.598051 [debug] [MainThread]: Flushing usage events
[0m15:43:30.960685 [debug] [MainThread]: An error was encountered while trying to flush usage events
[0m15:53:53.549926 [debug] [MainThread]: Sending event: {'category': 'dbt', 'action': 'invocation', 'label': 'start', 'context': [<snowplow_tracker.self_describing_json.SelfDescribingJson object at 0x000001A243805660>, <snowplow_tracker.self_describing_json.SelfDescribingJson object at 0x000001A24493C370>, <snowplow_tracker.self_describing_json.SelfDescribingJson object at 0x000001A24493C190>]}


============================== 15:53:53.552711 | 2edebe59-e68b-4c14-bba5-fb2c0ee74e77 ==============================
[0m15:53:53.552711 [info ] [MainThread]: Running with dbt=1.11.11
[0m15:53:53.553693 [debug] [MainThread]: running dbt with arguments {'partial_parse': 'True', 'warn_error_options': 'WarnErrorOptionsV2(error=[], warn=[], silence=[])', 'send_anonymous_usage_stats': 'True', 'version_check': 'True', 'cache_selected_only': 'False', 'target_path': 'None', 'warn_error': 'None', 'invocation_command': 'dbt deps', 'log_format': 'default', 'use_colors': 'True', 'introspect': 'True', 'debug': 'False', 'printer_width': '80', 'fail_fast': 'False', 'no_print': 'None', 'quiet': 'False', 'log_cache_events': 'False', 'use_experimental_parser': 'False', 'empty': 'None', 'indirect_selection': 'eager', 'log_path': 'C:\\Users\\anany\\Projects\\DataSense\\dbt_project\\logs', 'write_json': 'True', 'static_parser': 'True', 'profiles_dir': 'C:\\Users\\anany\\Projects\\DataSense\\dbt_project'}
[0m15:53:53.769115 [debug] [MainThread]: Sending event: {'category': 'dbt', 'action': 'project_id', 'label': '2edebe59-e68b-4c14-bba5-fb2c0ee74e77', 'context': [<snowplow_tracker.self_describing_json.SelfDescribingJson object at 0x000001A240FD9210>]}
[0m15:53:53.827207 [debug] [MainThread]: Set downloads directory='C:\Users\anany\AppData\Local\Temp\dbt-downloads-1z___00s'
[0m15:53:53.827207 [debug] [MainThread]: Making package index registry request: GET https://hub.getdbt.com/api/v1/index.json
[0m15:53:54.031603 [debug] [MainThread]: Response from registry index: GET https://hub.getdbt.com/api/v1/index.json 200
[0m15:53:54.035148 [debug] [MainThread]: Making package registry request: GET https://hub.getdbt.com/api/v1/dbt-labs/dbt_utils.json
[0m15:53:54.116002 [debug] [MainThread]: Response from registry: GET https://hub.getdbt.com/api/v1/dbt-labs/dbt_utils.json 200
[0m15:53:54.125089 [info ] [MainThread]: Installing dbt-labs/dbt_utils
[0m15:53:54.829506 [info ] [MainThread]: Installed from version 1.3.3
[0m15:53:54.830501 [info ] [MainThread]: Up to date!
[0m15:53:54.831477 [debug] [MainThread]: Sending event: {'category': 'dbt', 'action': 'package', 'label': '2edebe59-e68b-4c14-bba5-fb2c0ee74e77', 'property_': 'install', 'context': [<snowplow_tracker.self_describing_json.SelfDescribingJson object at 0x000001A2439031C0>, <snowplow_tracker.self_describing_json.SelfDescribingJson object at 0x000001A245BBF370>]}
[0m15:53:54.832959 [debug] [MainThread]: Command `dbt deps` succeeded at 15:53:54.831863 after 1.38 seconds
[0m15:53:54.832959 [debug] [MainThread]: Sending event: {'category': 'dbt', 'action': 'invocation', 'label': 'end', 'context': [<snowplow_tracker.self_describing_json.SelfDescribingJson object at 0x000001A243805660>, <snowplow_tracker.self_describing_json.SelfDescribingJson object at 0x000001A24493E680>, <snowplow_tracker.self_describing_json.SelfDescribingJson object at 0x000001A2439031C0>]}
[0m15:53:54.832959 [debug] [MainThread]: Flushing usage events
[0m15:53:55.086241 [debug] [MainThread]: An error was encountered while trying to flush usage events
[0m15:53:58.293637 [debug] [MainThread]: Sending event: {'category': 'dbt', 'action': 'invocation', 'label': 'start', 'context': [<snowplow_tracker.self_describing_json.SelfDescribingJson object at 0x000001EC6AFB2770>, <snowplow_tracker.self_describing_json.SelfDescribingJson object at 0x000001EC6C3D03D0>, <snowplow_tracker.self_describing_json.SelfDescribingJson object at 0x000001EC6C3D01F0>]}


============================== 15:53:58.296914 | 19c440c6-f354-47dc-a825-10cda562e232 ==============================
[0m15:53:58.296914 [info ] [MainThread]: Running with dbt=1.11.11
[0m15:53:58.296914 [debug] [MainThread]: running dbt with arguments {'partial_parse': 'True', 'warn_error_options': 'WarnErrorOptionsV2(error=[], warn=[], silence=[])', 'send_anonymous_usage_stats': 'True', 'version_check': 'True', 'cache_selected_only': 'False', 'target_path': 'None', 'use_colors': 'True', 'invocation_command': 'dbt run', 'log_format': 'default', 'warn_error': 'None', 'introspect': 'True', 'debug': 'False', 'printer_width': '80', 'fail_fast': 'False', 'no_print': 'None', 'quiet': 'False', 'use_experimental_parser': 'False', 'empty': 'False', 'log_cache_events': 'False', 'log_path': 'C:\\Users\\anany\\Projects\\DataSense\\dbt_project\\logs', 'indirect_selection': 'eager', 'write_json': 'True', 'static_parser': 'True', 'profiles_dir': 'C:\\Users\\anany\\Projects\\DataSense\\dbt_project'}
[0m15:53:58.983597 [debug] [MainThread]: Snowflake adapter: Setting snowflake.connector to ERROR (file logging only)
[0m15:53:58.983597 [debug] [MainThread]: Snowflake adapter: Setting botocore to ERROR (file logging only)
[0m15:53:58.984649 [debug] [MainThread]: Snowflake adapter: Setting boto3 to ERROR (file logging only)
[0m15:53:59.200293 [debug] [MainThread]: Sending event: {'category': 'dbt', 'action': 'project_id', 'label': '19c440c6-f354-47dc-a825-10cda562e232', 'context': [<snowplow_tracker.self_describing_json.SelfDescribingJson object at 0x000001EC6C2DF8E0>]}
[0m15:53:59.264799 [debug] [MainThread]: Sending event: {'category': 'dbt', 'action': 'adapter_info', 'label': '19c440c6-f354-47dc-a825-10cda562e232', 'context': [<snowplow_tracker.self_describing_json.SelfDescribingJson object at 0x000001EC6C165DE0>]}
[0m15:53:59.264799 [info ] [MainThread]: Registered adapter: snowflake=1.11.5
[0m15:53:59.506767 [debug] [MainThread]: checksum: 30a8cc8fdcbf66701b0944d4ccce3fa46dd04b61e5df68b9f16d57b2e0e3f0be, vars: {}, profile: , target: , version: 1.11.11
[0m15:53:59.629415 [info ] [MainThread]: Unable to do partial parsing because a project config has changed
[0m15:53:59.629415 [debug] [MainThread]: Sending event: {'category': 'dbt', 'action': 'partial_parser', 'label': '19c440c6-f354-47dc-a825-10cda562e232', 'context': [<snowplow_tracker.self_describing_json.SelfDescribingJson object at 0x000001EC6BBE5EA0>]}
[0m15:54:01.200198 [warn ] [MainThread]: [[33mWARNING[0m][MissingArgumentsPropertyInGenericTestDeprecation]: Deprecated
functionality
Found top-level arguments to test `accepted_values` defined on
'gold_customer_metrics' in package 'datasense_dbt' (models\gold\schema.yml).
Arguments to generic tests should be nested under the `arguments` property.
[0m15:54:01.201264 [debug] [MainThread]: Sending event: {'category': 'dbt', 'action': 'deprecation', 'label': '19c440c6-f354-47dc-a825-10cda562e232', 'property_': 'warn', 'context': [<snowplow_tracker.self_describing_json.SelfDescribingJson object at 0x000001EC06E4CE50>]}
[0m15:54:01.377449 [debug] [MainThread]: Sending event: {'category': 'dbt', 'action': 'load_project', 'label': '19c440c6-f354-47dc-a825-10cda562e232', 'context': [<snowplow_tracker.self_describing_json.SelfDescribingJson object at 0x000001EC071A82B0>]}
[0m15:54:01.600157 [debug] [MainThread]: Wrote artifact WritableManifest to C:\Users\anany\Projects\DataSense\dbt_project\target\manifest.json
[0m15:54:01.603158 [debug] [MainThread]: Wrote artifact SemanticManifest to C:\Users\anany\Projects\DataSense\dbt_project\target\semantic_manifest.json
[0m15:54:01.616804 [debug] [MainThread]: Sending event: {'category': 'dbt', 'action': 'resource_counts', 'label': '19c440c6-f354-47dc-a825-10cda562e232', 'context': [<snowplow_tracker.self_describing_json.SelfDescribingJson object at 0x000001EC06E23F10>]}
[0m15:54:01.616804 [info ] [MainThread]: Found 6 models, 25 data tests, 1 source, 652 macros
[0m15:54:01.616804 [debug] [MainThread]: Sending event: {'category': 'dbt', 'action': 'runnable_timing', 'label': '19c440c6-f354-47dc-a825-10cda562e232', 'context': [<snowplow_tracker.self_describing_json.SelfDescribingJson object at 0x000001EC06E23C10>]}
[0m15:54:01.618817 [info ] [MainThread]: 
[0m15:54:01.618817 [info ] [MainThread]: Concurrency: 4 threads (target='dev')
[0m15:54:01.618817 [info ] [MainThread]: 
[0m15:54:01.618817 [debug] [MainThread]: Acquiring new snowflake connection 'master'
[0m15:54:01.624192 [debug] [ThreadPool]: Acquiring new snowflake connection 'list_DATASENSE_DB'
[0m15:54:01.624192 [debug] [ThreadPool]: Acquiring new snowflake connection 'list_DATASENSE_DB'
[0m15:54:01.641472 [debug] [ThreadPool]: Acquiring new snowflake connection 'list_DATASENSE_DB'
[0m15:54:01.692683 [debug] [ThreadPool]: Using snowflake connection "list_DATASENSE_DB"
[0m15:54:01.692683 [debug] [ThreadPool]: Using snowflake connection "list_DATASENSE_DB"
[0m15:54:01.693683 [debug] [ThreadPool]: Using snowflake connection "list_DATASENSE_DB"
[0m15:54:01.693683 [debug] [ThreadPool]: On list_DATASENSE_DB: show terse schemas in database DATASENSE_DB
    limit 10000
/* {"app": "dbt", "dbt_version": "1.11.11", "profile_name": "datasense_dbt", "target_name": "dev", "connection_name": "list_DATASENSE_DB"} */
[0m15:54:01.693683 [debug] [ThreadPool]: On list_DATASENSE_DB: show terse schemas in database DATASENSE_DB
    limit 10000
/* {"app": "dbt", "dbt_version": "1.11.11", "profile_name": "datasense_dbt", "target_name": "dev", "connection_name": "list_DATASENSE_DB"} */
[0m15:54:01.694682 [debug] [ThreadPool]: On list_DATASENSE_DB: show terse schemas in database DATASENSE_DB
    limit 10000
/* {"app": "dbt", "dbt_version": "1.11.11", "profile_name": "datasense_dbt", "target_name": "dev", "connection_name": "list_DATASENSE_DB"} */
[0m15:54:01.694682 [debug] [ThreadPool]: Opening a new connection, currently in state init
[0m15:54:01.694682 [debug] [ThreadPool]: Opening a new connection, currently in state init
[0m15:54:01.695682 [debug] [ThreadPool]: Opening a new connection, currently in state init
[0m15:54:03.071100 [debug] [ThreadPool]: SQL status: SUCCESS 6 in 1.376 seconds
[0m15:54:03.076102 [debug] [ThreadPool]: SQL status: SUCCESS 6 in 1.381 seconds
[0m15:54:03.268022 [debug] [ThreadPool]: SQL status: SUCCESS 6 in 1.574 seconds
[0m15:54:03.270169 [debug] [ThreadPool]: Re-using an available connection from the pool (formerly list_DATASENSE_DB, now create_DATASENSE_DB_PUBLIC_PUBLIC_SILVER)
[0m15:54:03.271179 [debug] [ThreadPool]: Re-using an available connection from the pool (formerly list_DATASENSE_DB, now create_DATASENSE_DB_PUBLIC_PUBLIC_GOLD)
[0m15:54:03.271179 [debug] [ThreadPool]: Re-using an available connection from the pool (formerly list_DATASENSE_DB, now create_DATASENSE_DB_PUBLIC_PUBLIC_BRONZE)
[0m15:54:03.272255 [debug] [ThreadPool]: Creating schema "database: "DATASENSE_DB"
schema: "PUBLIC_PUBLIC_SILVER"
"
[0m15:54:03.274355 [debug] [ThreadPool]: Creating schema "database: "DATASENSE_DB"
schema: "PUBLIC_PUBLIC_GOLD"
"
[0m15:54:03.274355 [debug] [ThreadPool]: Creating schema "database: "DATASENSE_DB"
schema: "PUBLIC_PUBLIC_BRONZE"
"
[0m15:54:03.279735 [debug] [ThreadPool]: Using snowflake connection "create_DATASENSE_DB_PUBLIC_PUBLIC_SILVER"
[0m15:54:03.282977 [debug] [ThreadPool]: Using snowflake connection "create_DATASENSE_DB_PUBLIC_PUBLIC_GOLD"
[0m15:54:03.285992 [debug] [ThreadPool]: Using snowflake connection "create_DATASENSE_DB_PUBLIC_PUBLIC_BRONZE"
[0m15:54:03.286990 [debug] [ThreadPool]: On create_DATASENSE_DB_PUBLIC_PUBLIC_SILVER: create schema if not exists DATASENSE_DB.PUBLIC_PUBLIC_SILVER
/* {"app": "dbt", "dbt_version": "1.11.11", "profile_name": "datasense_dbt", "target_name": "dev", "connection_name": "create_DATASENSE_DB_PUBLIC_PUBLIC_SILVER"} */
[0m15:54:03.286990 [debug] [ThreadPool]: On create_DATASENSE_DB_PUBLIC_PUBLIC_GOLD: create schema if not exists DATASENSE_DB.PUBLIC_PUBLIC_GOLD
/* {"app": "dbt", "dbt_version": "1.11.11", "profile_name": "datasense_dbt", "target_name": "dev", "connection_name": "create_DATASENSE_DB_PUBLIC_PUBLIC_GOLD"} */
[0m15:54:03.287989 [debug] [ThreadPool]: On create_DATASENSE_DB_PUBLIC_PUBLIC_BRONZE: create schema if not exists DATASENSE_DB.PUBLIC_PUBLIC_BRONZE
/* {"app": "dbt", "dbt_version": "1.11.11", "profile_name": "datasense_dbt", "target_name": "dev", "connection_name": "create_DATASENSE_DB_PUBLIC_PUBLIC_BRONZE"} */
[0m15:54:03.465003 [debug] [ThreadPool]: SQL status: SUCCESS 1 in 0.174 seconds
[0m15:54:03.568701 [debug] [ThreadPool]: SQL status: SUCCESS 1 in 0.280 seconds
[0m15:54:03.569715 [debug] [ThreadPool]: SQL status: SUCCESS 1 in 0.281 seconds
[0m15:54:03.574819 [debug] [ThreadPool]: Acquiring new snowflake connection 'list_DATASENSE_DB_PUBLIC_PUBLIC_SILVER'
[0m15:54:03.594857 [debug] [ThreadPool]: Using snowflake connection "list_DATASENSE_DB_PUBLIC_PUBLIC_SILVER"
[0m15:54:03.595321 [debug] [ThreadPool]: Acquiring new snowflake connection 'list_DATASENSE_DB_PUBLIC_PUBLIC_GOLD'
[0m15:54:03.595321 [debug] [ThreadPool]: On list_DATASENSE_DB_PUBLIC_PUBLIC_SILVER: show objects in DATASENSE_DB.PUBLIC_PUBLIC_SILVER
    limit 10000
    

/* {"app": "dbt", "dbt_version": "1.11.11", "profile_name": "datasense_dbt", "target_name": "dev", "connection_name": "list_DATASENSE_DB_PUBLIC_PUBLIC_SILVER"} */;
[0m15:54:03.596215 [debug] [ThreadPool]: Acquiring new snowflake connection 'list_DATASENSE_DB_PUBLIC_PUBLIC_BRONZE'
[0m15:54:03.599203 [debug] [ThreadPool]: Using snowflake connection "list_DATASENSE_DB_PUBLIC_PUBLIC_GOLD"
[0m15:54:03.599203 [debug] [ThreadPool]: Opening a new connection, currently in state init
[0m15:54:03.601375 [debug] [ThreadPool]: Using snowflake connection "list_DATASENSE_DB_PUBLIC_PUBLIC_BRONZE"
[0m15:54:03.602374 [debug] [ThreadPool]: On list_DATASENSE_DB_PUBLIC_PUBLIC_GOLD: show objects in DATASENSE_DB.PUBLIC_PUBLIC_GOLD
    limit 10000
    

/* {"app": "dbt", "dbt_version": "1.11.11", "profile_name": "datasense_dbt", "target_name": "dev", "connection_name": "list_DATASENSE_DB_PUBLIC_PUBLIC_GOLD"} */;
[0m15:54:03.602374 [debug] [ThreadPool]: On list_DATASENSE_DB_PUBLIC_PUBLIC_BRONZE: show objects in DATASENSE_DB.PUBLIC_PUBLIC_BRONZE
    limit 10000
    

/* {"app": "dbt", "dbt_version": "1.11.11", "profile_name": "datasense_dbt", "target_name": "dev", "connection_name": "list_DATASENSE_DB_PUBLIC_PUBLIC_BRONZE"} */;
[0m15:54:03.603274 [debug] [ThreadPool]: Opening a new connection, currently in state init
[0m15:54:03.604298 [debug] [ThreadPool]: Opening a new connection, currently in state init
[0m15:54:04.181821 [debug] [ThreadPool]: SQL status: SUCCESS 0 in 0.578 seconds
[0m15:54:04.195166 [debug] [ThreadPool]: SQL status: SUCCESS 0 in 0.591 seconds
[0m15:54:04.691801 [debug] [ThreadPool]: SQL status: SUCCESS 0 in 1.093 seconds
[0m15:54:04.695934 [debug] [MainThread]: Sending event: {'category': 'dbt', 'action': 'runnable_timing', 'label': '19c440c6-f354-47dc-a825-10cda562e232', 'context': [<snowplow_tracker.self_describing_json.SelfDescribingJson object at 0x000001EC085CF610>]}
[0m15:54:04.704056 [debug] [Thread-2 (]: Began running node model.datasense_dbt.bronze_retail_raw
[0m15:54:04.705055 [info ] [Thread-2 (]: 1 of 6 START sql view model PUBLIC_PUBLIC_BRONZE.bronze_retail_raw ............. [RUN]
[0m15:54:04.706055 [debug] [Thread-2 (]: Acquiring new snowflake connection 'model.datasense_dbt.bronze_retail_raw'
[0m15:54:04.707146 [debug] [Thread-2 (]: Began compiling node model.datasense_dbt.bronze_retail_raw
[0m15:54:04.720379 [debug] [Thread-2 (]: Writing injected SQL for node "model.datasense_dbt.bronze_retail_raw"
[0m15:54:04.722280 [debug] [Thread-2 (]: Began executing node model.datasense_dbt.bronze_retail_raw
[0m15:54:04.748832 [debug] [Thread-2 (]: Writing runtime sql for node "model.datasense_dbt.bronze_retail_raw"
[0m15:54:04.750832 [debug] [Thread-2 (]: Using snowflake connection "model.datasense_dbt.bronze_retail_raw"
[0m15:54:04.751827 [debug] [Thread-2 (]: On model.datasense_dbt.bronze_retail_raw: create or replace   view DATASENSE_DB.PUBLIC_PUBLIC_BRONZE.bronze_retail_raw
  
  
  
  
  as (
    SELECT
    InvoiceNo,
    StockCode,
    Description,
    Quantity,
    InvoiceDate,
    UnitPrice,
    CustomerID,
    Country,
    CURRENT_TIMESTAMP() AS _loaded_at
FROM DATASENSE_DB.RAW.ONLINE_RETAIL_II
  )
/* {"app": "dbt", "dbt_version": "1.11.11", "profile_name": "datasense_dbt", "target_name": "dev", "node_id": "model.datasense_dbt.bronze_retail_raw"} */;
[0m15:54:04.751827 [debug] [Thread-2 (]: Opening a new connection, currently in state init
[0m15:54:05.538135 [debug] [Thread-2 (]: SQL status: SUCCESS 1 in 0.786 seconds
[0m15:54:05.558045 [debug] [Thread-2 (]: Sending event: {'category': 'dbt', 'action': 'run_model', 'label': '19c440c6-f354-47dc-a825-10cda562e232', 'context': [<snowplow_tracker.self_describing_json.SelfDescribingJson object at 0x000001EC6C3D1300>]}
[0m15:54:05.558045 [info ] [Thread-2 (]: 1 of 6 OK created sql view model PUBLIC_PUBLIC_BRONZE.bronze_retail_raw ........ [[32mSUCCESS 1[0m in 0.85s]
[0m15:54:05.559050 [debug] [Thread-2 (]: Finished running node model.datasense_dbt.bronze_retail_raw
[0m15:54:05.559050 [debug] [Thread-4 (]: Began running node model.datasense_dbt.silver_retail_cleaned
[0m15:54:05.560050 [info ] [Thread-4 (]: 2 of 6 START sql table model PUBLIC_PUBLIC_SILVER.silver_retail_cleaned ........ [RUN]
[0m15:54:05.560050 [debug] [Thread-4 (]: Acquiring new snowflake connection 'model.datasense_dbt.silver_retail_cleaned'
[0m15:54:05.561050 [debug] [Thread-4 (]: Began compiling node model.datasense_dbt.silver_retail_cleaned
[0m15:54:05.564578 [debug] [Thread-4 (]: Writing injected SQL for node "model.datasense_dbt.silver_retail_cleaned"
[0m15:54:05.565771 [debug] [Thread-4 (]: Began executing node model.datasense_dbt.silver_retail_cleaned
[0m15:54:05.586886 [debug] [Thread-4 (]: Writing runtime sql for node "model.datasense_dbt.silver_retail_cleaned"
[0m15:54:05.589769 [debug] [Thread-4 (]: Using snowflake connection "model.datasense_dbt.silver_retail_cleaned"
[0m15:54:05.590771 [debug] [Thread-4 (]: On model.datasense_dbt.silver_retail_cleaned: create or replace transient table DATASENSE_DB.PUBLIC_PUBLIC_SILVER.silver_retail_cleaned
    
    
    
    as (WITH base AS (
    -- Step A: drop rows where critical fields are null
    SELECT *
    FROM DATASENSE_DB.PUBLIC_PUBLIC_BRONZE.bronze_retail_raw
    WHERE InvoiceDate IS NOT NULL
      AND StockCode   IS NOT NULL
      AND Quantity    IS NOT NULL
),

with_medians AS (
    -- Step B (price): compute median UnitPrice per StockCode via window function
    SELECT
        *,
        PERCENTILE_CONT(0.5) WITHIN GROUP (ORDER BY UnitPrice)
            OVER (PARTITION BY TRIM(StockCode)) AS _median_unit_price
    FROM base
),

filled AS (
    -- Step B: fill remaining missing values; exclude rows where price is still null
    SELECT
        InvoiceNo,
        TRIM(StockCode)                                                     AS StockCode,
        TRIM(COALESCE(Description, 'UNKNOWN'))                              AS Description,
        Quantity,
        InvoiceDate,
        COALESCE(UnitPrice, _median_unit_price)                             AS UnitPrice,
        CASE WHEN CustomerID IS NULL THEN 'GUEST'
             ELSE CustomerID::VARCHAR END                                    AS CustomerID,
        CASE WHEN CustomerID IS NULL THEN TRUE ELSE FALSE END               AS is_guest_purchase,
        INITCAP(COALESCE(Country, 'UNSPECIFIED'))                           AS Country,
        _loaded_at
    FROM with_medians
    WHERE COALESCE(UnitPrice, _median_unit_price) IS NOT NULL
),

cleaned AS (
    -- Step C: remove cancelled orders, bad quantities/prices, non-product codes
    SELECT *
    FROM filled
    WHERE InvoiceNo NOT LIKE 'C%'
      AND Quantity  > 0
      AND UnitPrice > 0
      AND StockCode NOT IN (
            'POST', 'DOT', 'BANK CHARGES', 'AMAZONFEE',
            'PADS', 'CRUK', 'M', 'S', 'DCGSSBOY', 'DCGSSGIRL'
          )
),

transformed AS (
    -- Step D: parse timestamps, derive calendar columns, compute TotalRevenue
    SELECT
        InvoiceNo,
        StockCode,
        Description,
        Quantity,
        TRY_TO_TIMESTAMP_NTZ(InvoiceDate::VARCHAR)                          AS InvoiceDate,
        UnitPrice,
        CustomerID,
        is_guest_purchase,
        Country,
        Quantity * UnitPrice                                                 AS TotalRevenue,
        MONTH(TRY_TO_TIMESTAMP_NTZ(InvoiceDate::VARCHAR))                   AS InvoiceMonth,
        YEAR(TRY_TO_TIMESTAMP_NTZ(InvoiceDate::VARCHAR))                    AS InvoiceYear,
        CASE DAYOFWEEK(TRY_TO_TIMESTAMP_NTZ(InvoiceDate::VARCHAR))
            WHEN 0 THEN 'Sunday'
            WHEN 1 THEN 'Monday'
            WHEN 2 THEN 'Tuesday'
            WHEN 3 THEN 'Wednesday'
            WHEN 4 THEN 'Thursday'
            WHEN 5 THEN 'Friday'
            WHEN 6 THEN 'Saturday'
        END                                                                  AS DayOfWeek,
        CASE
            WHEN DAYOFWEEK(TRY_TO_TIMESTAMP_NTZ(InvoiceDate::VARCHAR)) IN (0, 6)
            THEN TRUE ELSE FALSE
        END                                                                  AS IsWeekend,
        _loaded_at
    FROM cleaned
),

percentiles AS (
    -- Step E: compute dataset-wide 99th percentile thresholds
    SELECT
        PERCENTILE_CONT(0.99) WITHIN GROUP (ORDER BY UnitPrice) AS price_p99,
        PERCENTILE_CONT(0.99) WITHIN GROUP (ORDER BY Quantity)  AS qty_p99
    FROM transformed
),

flagged AS (
    -- Step E: attach outlier flags without removing any rows
    SELECT
        t.*,
        NULLIF(
            ARRAY_TO_STRING(
                ARRAY_CONSTRUCT_COMPACT(
                    IFF(t.UnitPrice    > p.price_p99, 'price_outlier',           NULL),
                    IFF(t.Quantity     > p.qty_p99,   'bulk_order',              NULL),
                    IFF(t.TotalRevenue > 10000,       'high_value_transaction',  NULL)
                ),
                ','
            ),
            ''
        )                                                                    AS data_quality_flag,
        CASE
            WHEN t.UnitPrice    > p.price_p99
              OR t.Quantity     > p.qty_p99
              OR t.TotalRevenue > 10000
            THEN TRUE ELSE FALSE
        END                                                                  AS is_flagged
    FROM transformed t
    CROSS JOIN percentiles p
)

SELECT * FROM flagged
    )

/* {"app": "dbt", "dbt_version": "1.11.11", "profile_name": "datasense_dbt", "target_name": "dev", "node_id": "model.datasense_dbt.silver_retail_cleaned"} */;
[0m15:54:05.590771 [debug] [Thread-4 (]: Opening a new connection, currently in state init
[0m15:54:08.735581 [debug] [Thread-4 (]: SQL status: SUCCESS 1037369 in 3.144 seconds
[0m15:54:08.740564 [debug] [Thread-4 (]: Sending event: {'category': 'dbt', 'action': 'run_model', 'label': '19c440c6-f354-47dc-a825-10cda562e232', 'context': [<snowplow_tracker.self_describing_json.SelfDescribingJson object at 0x000001EC0866A230>]}
[0m15:54:08.741560 [info ] [Thread-4 (]: 2 of 6 OK created sql table model PUBLIC_PUBLIC_SILVER.silver_retail_cleaned ... [[32mSUCCESS 1037369[0m in 3.18s]
[0m15:54:08.742462 [debug] [Thread-4 (]: Finished running node model.datasense_dbt.silver_retail_cleaned
[0m15:54:08.743563 [debug] [Thread-3 (]: Began running node model.datasense_dbt.gold_customer_metrics
[0m15:54:08.745770 [debug] [Thread-2 (]: Began running node model.datasense_dbt.gold_daily_revenue
[0m15:54:08.746419 [debug] [Thread-5 (]: Began running node model.datasense_dbt.gold_product_velocity
[0m15:54:08.744464 [info ] [Thread-3 (]: 3 of 6 START sql table model PUBLIC_PUBLIC_GOLD.gold_customer_metrics .......... [RUN]
[0m15:54:08.748984 [debug] [Thread-3 (]: Acquiring new snowflake connection 'model.datasense_dbt.gold_customer_metrics'
[0m15:54:08.750097 [debug] [Thread-3 (]: Began compiling node model.datasense_dbt.gold_customer_metrics
[0m15:54:08.755095 [debug] [Thread-3 (]: Writing injected SQL for node "model.datasense_dbt.gold_customer_metrics"
[0m15:54:08.747460 [info ] [Thread-2 (]: 4 of 6 START sql table model PUBLIC_PUBLIC_GOLD.gold_daily_revenue ............. [RUN]
[0m15:54:08.756096 [debug] [Thread-2 (]: Re-using an available connection from the pool (formerly model.datasense_dbt.bronze_retail_raw, now model.datasense_dbt.gold_daily_revenue)
[0m15:54:08.756096 [debug] [Thread-2 (]: Began compiling node model.datasense_dbt.gold_daily_revenue
[0m15:54:08.760094 [debug] [Thread-2 (]: Writing injected SQL for node "model.datasense_dbt.gold_daily_revenue"
[0m15:54:08.747944 [info ] [Thread-5 (]: 5 of 6 START sql table model PUBLIC_PUBLIC_GOLD.gold_product_velocity .......... [RUN]
[0m15:54:08.761094 [debug] [Thread-5 (]: Acquiring new snowflake connection 'model.datasense_dbt.gold_product_velocity'
[0m15:54:08.761094 [debug] [Thread-5 (]: Began compiling node model.datasense_dbt.gold_product_velocity
[0m15:54:08.764094 [debug] [Thread-5 (]: Writing injected SQL for node "model.datasense_dbt.gold_product_velocity"
[0m15:54:08.765917 [debug] [Thread-2 (]: Began executing node model.datasense_dbt.gold_daily_revenue
[0m15:54:08.765917 [debug] [Thread-2 (]: Writing runtime sql for node "model.datasense_dbt.gold_daily_revenue"
[0m15:54:08.765917 [debug] [Thread-3 (]: Began executing node model.datasense_dbt.gold_customer_metrics
[0m15:54:08.774189 [debug] [Thread-3 (]: Writing runtime sql for node "model.datasense_dbt.gold_customer_metrics"
[0m15:54:08.774189 [debug] [Thread-5 (]: Began executing node model.datasense_dbt.gold_product_velocity
[0m15:54:08.778646 [debug] [Thread-5 (]: Writing runtime sql for node "model.datasense_dbt.gold_product_velocity"
[0m15:54:08.778646 [debug] [Thread-2 (]: Using snowflake connection "model.datasense_dbt.gold_daily_revenue"
[0m15:54:08.778646 [debug] [Thread-2 (]: On model.datasense_dbt.gold_daily_revenue: create or replace transient table DATASENSE_DB.PUBLIC_PUBLIC_GOLD.gold_daily_revenue
    
    
    
    as (WITH daily_agg AS (
    SELECT
        DATE(InvoiceDate)                                                              AS sale_date,
        Country,
        SUM(TotalRevenue)                                                              AS total_revenue,
        COUNT(DISTINCT InvoiceNo)                                                      AS total_orders,
        COUNT(DISTINCT CASE WHEN CustomerID != 'GUEST' THEN CustomerID END)            AS unique_customers
    FROM DATASENSE_DB.PUBLIC_PUBLIC_SILVER.silver_retail_cleaned
    GROUP BY 1, 2
),

with_window AS (
    SELECT
        *,
        -- 7-day rolling average partitioned per country
        AVG(total_revenue) OVER (
            PARTITION BY Country
            ORDER BY sale_date
            ROWS BETWEEN 6 PRECEDING AND CURRENT ROW
        )                                                                              AS revenue_7day_rolling_avg,
        -- previous day's revenue for DoD calculation
        LAG(total_revenue) OVER (PARTITION BY Country ORDER BY sale_date)              AS _prev_day_revenue,
        -- global mean and stddev for z-score (across all date-country rows)
        AVG(total_revenue)    OVER ()                                                  AS _global_avg,
        STDDEV(total_revenue) OVER ()                                                  AS _global_stddev
    FROM daily_agg
),

enriched AS (
    SELECT
        sale_date,
        Country,
        total_revenue,
        total_orders,
        unique_customers,
        total_revenue / NULLIF(total_orders, 0)                                        AS avg_order_value,
        revenue_7day_rolling_avg,
        (total_revenue - _prev_day_revenue)
            / NULLIF(_prev_day_revenue, 0) * 100                                       AS revenue_dod_change_pct,
        (total_revenue - _global_avg) / NULLIF(_global_stddev, 0)                     AS revenue_zscore
    FROM with_window
)

SELECT
    *,
    CASE WHEN ABS(revenue_zscore) > 2.5 THEN TRUE ELSE FALSE END                      AS is_anomaly_day
FROM enriched
    )

/* {"app": "dbt", "dbt_version": "1.11.11", "profile_name": "datasense_dbt", "target_name": "dev", "node_id": "model.datasense_dbt.gold_daily_revenue"} */;
[0m15:54:08.786631 [debug] [Thread-3 (]: Using snowflake connection "model.datasense_dbt.gold_customer_metrics"
[0m15:54:08.788613 [debug] [Thread-5 (]: Using snowflake connection "model.datasense_dbt.gold_product_velocity"
[0m15:54:08.788613 [debug] [Thread-3 (]: On model.datasense_dbt.gold_customer_metrics: create or replace transient table DATASENSE_DB.PUBLIC_PUBLIC_GOLD.gold_customer_metrics
    
    
    
    as (WITH customer_base AS (
    SELECT
        CustomerID,
        SUM(TotalRevenue)          AS total_spend,
        COUNT(DISTINCT InvoiceNo)  AS total_orders,
        MIN(InvoiceDate)           AS first_purchase_date,
        MAX(InvoiceDate)           AS last_purchase_date
    FROM DATASENSE_DB.PUBLIC_PUBLIC_SILVER.silver_retail_cleaned
    WHERE CustomerID != 'GUEST'
    GROUP BY CustomerID
)

SELECT
    CustomerID,
    total_spend,
    total_orders,
    total_spend / NULLIF(total_orders, 0)                                         AS avg_order_value,
    first_purchase_date,
    last_purchase_date,
    DATEDIFF('day', last_purchase_date, CURRENT_DATE())                           AS days_since_last_purchase,
    -- GREATEST(..., 1) prevents division-by-zero for single-month customers
    total_orders / GREATEST(DATEDIFF('month', first_purchase_date, last_purchase_date), 1)
                                                                                  AS orders_per_month,
    CASE
        WHEN total_spend >  1000 THEN 'VIP'
        WHEN total_spend >= 250  THEN 'REGULAR'
        ELSE                          'OCCASIONAL'
    END                                                                           AS customer_segment
FROM customer_base
    )

/* {"app": "dbt", "dbt_version": "1.11.11", "profile_name": "datasense_dbt", "target_name": "dev", "node_id": "model.datasense_dbt.gold_customer_metrics"} */;
[0m15:54:08.788613 [debug] [Thread-5 (]: On model.datasense_dbt.gold_product_velocity: create or replace transient table DATASENSE_DB.PUBLIC_PUBLIC_GOLD.gold_product_velocity
    
    
    
    as (WITH daily_product AS (
    -- One row per StockCode per day; MAX(Description) handles rare StockCode/description mismatches
    SELECT
        DATE(InvoiceDate)        AS sale_date,
        StockCode,
        MAX(Description)         AS Description,
        SUM(Quantity)            AS units_sold,
        SUM(TotalRevenue)        AS daily_revenue
    FROM DATASENSE_DB.PUBLIC_PUBLIC_SILVER.silver_retail_cleaned
    GROUP BY 1, 2
),

product_totals AS (
    -- Lifetime revenue per product, used to assign a stable cross-day revenue rank
    SELECT
        StockCode,
        SUM(daily_revenue) AS total_product_revenue
    FROM daily_product
    GROUP BY StockCode
),

with_rank AS (
    SELECT
        d.*,
        DENSE_RANK() OVER (ORDER BY t.total_product_revenue DESC) AS revenue_rank
    FROM daily_product d
    JOIN product_totals t USING (StockCode)
),

with_velocity AS (
    SELECT
        *,
        -- 7-day rolling average of units sold per product
        AVG(units_sold) OVER (
            PARTITION BY StockCode
            ORDER BY sale_date
            ROWS BETWEEN 6 PRECEDING AND CURRENT ROW
        )                                                                      AS units_7day_rolling_avg,
        -- decile rank within each day; decile 1 = top 10% by units sold
        NTILE(10) OVER (PARTITION BY sale_date ORDER BY units_sold DESC)       AS _day_decile
    FROM with_rank
)

SELECT
    sale_date,
    StockCode,
    Description,
    units_sold,
    daily_revenue,
    units_7day_rolling_avg,
    revenue_rank,
    CASE WHEN _day_decile = 1 THEN TRUE ELSE FALSE END                         AS is_fast_mover
FROM with_velocity
    )

/* {"app": "dbt", "dbt_version": "1.11.11", "profile_name": "datasense_dbt", "target_name": "dev", "node_id": "model.datasense_dbt.gold_product_velocity"} */;
[0m15:54:08.789686 [debug] [Thread-3 (]: Opening a new connection, currently in state init
[0m15:54:08.789686 [debug] [Thread-5 (]: Opening a new connection, currently in state init
[0m15:54:10.111999 [debug] [Thread-2 (]: SQL status: SUCCESS 2833 in 1.331 seconds
[0m15:54:10.116896 [debug] [Thread-2 (]: Sending event: {'category': 'dbt', 'action': 'run_model', 'label': '19c440c6-f354-47dc-a825-10cda562e232', 'context': [<snowplow_tracker.self_describing_json.SelfDescribingJson object at 0x000001EC0863C9A0>]}
[0m15:54:10.118105 [info ] [Thread-2 (]: 4 of 6 OK created sql table model PUBLIC_PUBLIC_GOLD.gold_daily_revenue ........ [[32mSUCCESS 2833[0m in 1.36s]
[0m15:54:10.120146 [debug] [Thread-2 (]: Finished running node model.datasense_dbt.gold_daily_revenue
[0m15:54:10.586948 [debug] [Thread-3 (]: SQL status: SUCCESS 5862 in 1.797 seconds
[0m15:54:10.591946 [debug] [Thread-3 (]: Sending event: {'category': 'dbt', 'action': 'run_model', 'label': '19c440c6-f354-47dc-a825-10cda562e232', 'context': [<snowplow_tracker.self_describing_json.SelfDescribingJson object at 0x000001EC0875D420>]}
[0m15:54:10.592945 [info ] [Thread-3 (]: 3 of 6 OK created sql table model PUBLIC_PUBLIC_GOLD.gold_customer_metrics ..... [[32mSUCCESS 5862[0m in 1.84s]
[0m15:54:10.594944 [debug] [Thread-3 (]: Finished running node model.datasense_dbt.gold_customer_metrics
[0m15:54:11.268789 [debug] [Thread-5 (]: SQL status: SUCCESS 531413 in 2.479 seconds
[0m15:54:11.273786 [debug] [Thread-5 (]: Sending event: {'category': 'dbt', 'action': 'run_model', 'label': '19c440c6-f354-47dc-a825-10cda562e232', 'context': [<snowplow_tracker.self_describing_json.SelfDescribingJson object at 0x000001EC08780A00>]}
[0m15:54:11.274786 [info ] [Thread-5 (]: 5 of 6 OK created sql table model PUBLIC_PUBLIC_GOLD.gold_product_velocity ..... [[32mSUCCESS 531413[0m in 2.51s]
[0m15:54:11.275784 [debug] [Thread-5 (]: Finished running node model.datasense_dbt.gold_product_velocity
[0m15:54:11.276784 [debug] [Thread-4 (]: Began running node model.datasense_dbt.gold_anomaly_features
[0m15:54:11.277784 [info ] [Thread-4 (]: 6 of 6 START sql table model PUBLIC_PUBLIC_GOLD.gold_anomaly_features .......... [RUN]
[0m15:54:11.278783 [debug] [Thread-4 (]: Re-using an available connection from the pool (formerly model.datasense_dbt.silver_retail_cleaned, now model.datasense_dbt.gold_anomaly_features)
[0m15:54:11.278783 [debug] [Thread-4 (]: Began compiling node model.datasense_dbt.gold_anomaly_features
[0m15:54:11.283288 [debug] [Thread-4 (]: Writing injected SQL for node "model.datasense_dbt.gold_anomaly_features"
[0m15:54:11.285295 [debug] [Thread-4 (]: Began executing node model.datasense_dbt.gold_anomaly_features
[0m15:54:11.288294 [debug] [Thread-4 (]: Writing runtime sql for node "model.datasense_dbt.gold_anomaly_features"
[0m15:54:11.290421 [debug] [Thread-4 (]: Using snowflake connection "model.datasense_dbt.gold_anomaly_features"
[0m15:54:11.291406 [debug] [Thread-4 (]: On model.datasense_dbt.gold_anomaly_features: create or replace transient table DATASENSE_DB.PUBLIC_PUBLIC_GOLD.gold_anomaly_features
    
    
    
    as (WITH daily_totals AS (
    -- Roll up gold_daily_revenue from (date, country) → single date row
    SELECT
        sale_date,
        SUM(total_revenue)      AS total_revenue,
        SUM(total_orders)       AS total_orders,
        SUM(unique_customers)   AS unique_customers
    FROM DATASENSE_DB.PUBLIC_PUBLIC_GOLD.gold_daily_revenue
    GROUP BY sale_date
),

with_windows AS (
    SELECT
        *,
        (total_revenue - AVG(total_revenue) OVER ())
            / NULLIF(STDDEV(total_revenue) OVER (), 0)                         AS revenue_zscore,
        (total_revenue - LAG(total_revenue) OVER (ORDER BY sale_date))
            / NULLIF(LAG(total_revenue) OVER (ORDER BY sale_date), 0) * 100    AS revenue_dod_change_pct,
        AVG(total_revenue) OVER (
            ORDER BY sale_date
            ROWS BETWEEN 6 PRECEDING AND CURRENT ROW
        )                                                                      AS revenue_7day_rolling_avg
    FROM daily_totals
),

with_flags AS (
    SELECT
        *,
        CASE WHEN ABS(revenue_zscore) > 2.5 THEN TRUE ELSE FALSE END          AS is_anomaly_day,
        CASE
            WHEN revenue_zscore >  2.5 THEN 'revenue_spike'
            WHEN revenue_zscore < -2.5 THEN 'revenue_drop'
            ELSE                            'normal'
        END                                                                    AS anomaly_type,
        CASE WHEN DAYOFWEEK(sale_date) IN (0, 6) THEN TRUE ELSE FALSE END      AS is_weekend
    FROM with_windows
),

top_products AS (
    -- Pick the highest-selling product per day using Snowflake QUALIFY
    SELECT
        sale_date,
        StockCode AS top_product_that_day
    FROM DATASENSE_DB.PUBLIC_PUBLIC_GOLD.gold_product_velocity
    QUALIFY ROW_NUMBER() OVER (PARTITION BY sale_date ORDER BY units_sold DESC) = 1
)

SELECT
    f.sale_date,
    f.total_revenue,
    f.total_orders,
    f.unique_customers,
    f.revenue_zscore,
    f.revenue_dod_change_pct,
    f.revenue_7day_rolling_avg,
    f.is_anomaly_day,
    t.top_product_that_day,
    f.is_weekend,
    f.anomaly_type
FROM with_flags f
LEFT JOIN top_products t ON f.sale_date = t.sale_date
    )

/* {"app": "dbt", "dbt_version": "1.11.11", "profile_name": "datasense_dbt", "target_name": "dev", "node_id": "model.datasense_dbt.gold_anomaly_features"} */;
[0m15:54:12.882602 [debug] [Thread-4 (]: SQL status: SUCCESS 604 in 1.591 seconds
[0m15:54:12.886700 [debug] [Thread-4 (]: Sending event: {'category': 'dbt', 'action': 'run_model', 'label': '19c440c6-f354-47dc-a825-10cda562e232', 'context': [<snowplow_tracker.self_describing_json.SelfDescribingJson object at 0x000001EC086E34F0>]}
[0m15:54:12.888701 [info ] [Thread-4 (]: 6 of 6 OK created sql table model PUBLIC_PUBLIC_GOLD.gold_anomaly_features ..... [[32mSUCCESS 604[0m in 1.61s]
[0m15:54:12.889599 [debug] [Thread-4 (]: Finished running node model.datasense_dbt.gold_anomaly_features
[0m15:54:12.891595 [debug] [MainThread]: Connection 'master' was properly closed.
[0m15:54:12.892597 [debug] [MainThread]: Connection 'create_DATASENSE_DB_PUBLIC_PUBLIC_BRONZE' was left open.
[0m15:54:12.892597 [debug] [MainThread]: On create_DATASENSE_DB_PUBLIC_PUBLIC_BRONZE: Close
[0m15:54:13.088431 [debug] [MainThread]: Connection 'create_DATASENSE_DB_PUBLIC_PUBLIC_SILVER' was left open.
[0m15:54:13.088431 [debug] [MainThread]: On create_DATASENSE_DB_PUBLIC_PUBLIC_SILVER: Close
[0m15:54:13.296232 [debug] [MainThread]: Connection 'create_DATASENSE_DB_PUBLIC_PUBLIC_GOLD' was left open.
[0m15:54:13.297127 [debug] [MainThread]: On create_DATASENSE_DB_PUBLIC_PUBLIC_GOLD: Close
[0m15:54:13.611100 [debug] [MainThread]: Connection 'list_DATASENSE_DB_PUBLIC_PUBLIC_SILVER' was left open.
[0m15:54:13.612222 [debug] [MainThread]: On list_DATASENSE_DB_PUBLIC_PUBLIC_SILVER: Close
[0m15:54:13.806591 [debug] [MainThread]: Connection 'list_DATASENSE_DB_PUBLIC_PUBLIC_GOLD' was left open.
[0m15:54:13.807592 [debug] [MainThread]: On list_DATASENSE_DB_PUBLIC_PUBLIC_GOLD: Close
[0m15:54:14.010847 [debug] [MainThread]: Connection 'list_DATASENSE_DB_PUBLIC_PUBLIC_BRONZE' was left open.
[0m15:54:14.012192 [debug] [MainThread]: On list_DATASENSE_DB_PUBLIC_PUBLIC_BRONZE: Close
[0m15:54:14.214657 [debug] [MainThread]: Connection 'model.datasense_dbt.gold_daily_revenue' was left open.
[0m15:54:14.215816 [debug] [MainThread]: On model.datasense_dbt.gold_daily_revenue: Close
[0m15:54:14.423974 [debug] [MainThread]: Connection 'model.datasense_dbt.gold_anomaly_features' was left open.
[0m15:54:14.424979 [debug] [MainThread]: On model.datasense_dbt.gold_anomaly_features: Close
[0m15:54:14.626617 [debug] [MainThread]: Connection 'model.datasense_dbt.gold_customer_metrics' was left open.
[0m15:54:14.627622 [debug] [MainThread]: On model.datasense_dbt.gold_customer_metrics: Close
[0m15:54:14.835383 [debug] [MainThread]: Connection 'model.datasense_dbt.gold_product_velocity' was left open.
[0m15:54:14.836383 [debug] [MainThread]: On model.datasense_dbt.gold_product_velocity: Close
[0m15:54:15.003912 [info ] [MainThread]: 
[0m15:54:15.004811 [info ] [MainThread]: Finished running 5 table models, 1 view model in 0 hours 0 minutes and 13.38 seconds (13.38s).
[0m15:54:15.007914 [debug] [MainThread]: Command end result
[0m15:54:15.045665 [debug] [MainThread]: Wrote artifact WritableManifest to C:\Users\anany\Projects\DataSense\dbt_project\target\manifest.json
[0m15:54:15.049082 [debug] [MainThread]: Wrote artifact SemanticManifest to C:\Users\anany\Projects\DataSense\dbt_project\target\semantic_manifest.json
[0m15:54:15.055183 [debug] [MainThread]: Wrote artifact RunExecutionResult to C:\Users\anany\Projects\DataSense\dbt_project\target\run_results.json
[0m15:54:15.056080 [info ] [MainThread]: 
[0m15:54:15.056080 [info ] [MainThread]: [32mCompleted successfully[0m
[0m15:54:15.057080 [info ] [MainThread]: 
[0m15:54:15.057080 [info ] [MainThread]: Done. PASS=6 WARN=0 ERROR=0 SKIP=0 NO-OP=0 TOTAL=6
[0m15:54:15.058079 [warn ] [MainThread]: [[33mWARNING[0m][DeprecationsSummary]: Deprecated functionality
Summary of encountered deprecations:
- MissingArgumentsPropertyInGenericTestDeprecation: 4 occurrences
To see all deprecation instances instead of just the first occurrence of each,
run command again with the `--show-all-deprecations` flag. You may also need to
run with `--no-partial-parse` as some deprecations are only encountered during
parsing.
[0m15:54:15.059080 [debug] [MainThread]: Command `dbt run` succeeded at 15:54:15.059080 after 16.94 seconds
[0m15:54:15.059080 [debug] [MainThread]: Sending event: {'category': 'dbt', 'action': 'invocation', 'label': 'end', 'context': [<snowplow_tracker.self_describing_json.SelfDescribingJson object at 0x000001EC6AFB2770>, <snowplow_tracker.self_describing_json.SelfDescribingJson object at 0x000001EC6B314700>, <snowplow_tracker.self_describing_json.SelfDescribingJson object at 0x000001EC68A39A50>]}
[0m15:54:15.059080 [debug] [MainThread]: Flushing usage events
[0m15:54:15.327473 [debug] [MainThread]: An error was encountered while trying to flush usage events
[0m15:54:18.447836 [debug] [MainThread]: Sending event: {'category': 'dbt', 'action': 'invocation', 'label': 'start', 'context': [<snowplow_tracker.self_describing_json.SelfDescribingJson object at 0x000001D6310F1AE0>, <snowplow_tracker.self_describing_json.SelfDescribingJson object at 0x000001D632196C50>, <snowplow_tracker.self_describing_json.SelfDescribingJson object at 0x000001D6321960E0>]}


============================== 15:54:18.451930 | ac35d13b-09ae-412b-bead-f8e6d4ad1823 ==============================
[0m15:54:18.451930 [info ] [MainThread]: Running with dbt=1.11.11
[0m15:54:18.451930 [debug] [MainThread]: running dbt with arguments {'partial_parse': 'True', 'write_json': 'True', 'send_anonymous_usage_stats': 'True', 'use_colors': 'True', 'cache_selected_only': 'False', 'target_path': 'None', 'version_check': 'True', 'invocation_command': 'dbt test', 'log_format': 'default', 'warn_error': 'None', 'introspect': 'True', 'debug': 'False', 'log_cache_events': 'False', 'fail_fast': 'False', 'no_print': 'None', 'use_experimental_parser': 'False', 'empty': 'None', 'quiet': 'False', 'printer_width': '80', 'indirect_selection': 'eager', 'log_path': 'C:\\Users\\anany\\Projects\\DataSense\\dbt_project\\logs', 'profiles_dir': 'C:\\Users\\anany\\Projects\\DataSense\\dbt_project', 'warn_error_options': 'WarnErrorOptionsV2(error=[], warn=[], silence=[])', 'static_parser': 'True'}
[0m15:54:19.144409 [debug] [MainThread]: Snowflake adapter: Setting snowflake.connector to ERROR (file logging only)
[0m15:54:19.145454 [debug] [MainThread]: Snowflake adapter: Setting botocore to ERROR (file logging only)
[0m15:54:19.145454 [debug] [MainThread]: Snowflake adapter: Setting boto3 to ERROR (file logging only)
[0m15:54:19.370750 [debug] [MainThread]: Sending event: {'category': 'dbt', 'action': 'project_id', 'label': 'ac35d13b-09ae-412b-bead-f8e6d4ad1823', 'context': [<snowplow_tracker.self_describing_json.SelfDescribingJson object at 0x000001D64B3D3250>]}
[0m15:54:19.436938 [debug] [MainThread]: Sending event: {'category': 'dbt', 'action': 'adapter_info', 'label': 'ac35d13b-09ae-412b-bead-f8e6d4ad1823', 'context': [<snowplow_tracker.self_describing_json.SelfDescribingJson object at 0x000001D632244A30>]}
[0m15:54:19.438887 [info ] [MainThread]: Registered adapter: snowflake=1.11.5
[0m15:54:19.679883 [debug] [MainThread]: checksum: 30a8cc8fdcbf66701b0944d4ccce3fa46dd04b61e5df68b9f16d57b2e0e3f0be, vars: {}, profile: , target: , version: 1.11.11
[0m15:54:19.841667 [debug] [MainThread]: Partial parsing enabled: 0 files deleted, 0 files added, 0 files changed.
[0m15:54:19.841667 [debug] [MainThread]: Nothing changed, skipping partial parsing.
[0m15:54:19.842667 [debug] [MainThread]: Partial parsing enabled, no changes found, skipping parsing
[0m15:54:19.887177 [debug] [MainThread]: Sending event: {'category': 'dbt', 'action': 'load_project', 'label': 'ac35d13b-09ae-412b-bead-f8e6d4ad1823', 'context': [<snowplow_tracker.self_describing_json.SelfDescribingJson object at 0x000001D64CAA2740>]}
[0m15:54:19.981132 [debug] [MainThread]: Wrote artifact WritableManifest to C:\Users\anany\Projects\DataSense\dbt_project\target\manifest.json
[0m15:54:19.983134 [debug] [MainThread]: Wrote artifact SemanticManifest to C:\Users\anany\Projects\DataSense\dbt_project\target\semantic_manifest.json
[0m15:54:20.004738 [debug] [MainThread]: Sending event: {'category': 'dbt', 'action': 'resource_counts', 'label': 'ac35d13b-09ae-412b-bead-f8e6d4ad1823', 'context': [<snowplow_tracker.self_describing_json.SelfDescribingJson object at 0x000001D64CAA3DF0>]}
[0m15:54:20.004738 [info ] [MainThread]: Found 6 models, 25 data tests, 1 source, 652 macros
[0m15:54:20.005738 [debug] [MainThread]: Sending event: {'category': 'dbt', 'action': 'runnable_timing', 'label': 'ac35d13b-09ae-412b-bead-f8e6d4ad1823', 'context': [<snowplow_tracker.self_describing_json.SelfDescribingJson object at 0x000001D64CAA01F0>]}
[0m15:54:20.006772 [info ] [MainThread]: 
[0m15:54:20.006772 [info ] [MainThread]: Concurrency: 4 threads (target='dev')
[0m15:54:20.008279 [info ] [MainThread]: 
[0m15:54:20.008279 [debug] [MainThread]: Acquiring new snowflake connection 'master'
[0m15:54:20.014286 [debug] [ThreadPool]: Acquiring new snowflake connection 'list_DATASENSE_DB_PUBLIC_PUBLIC_SILVER'
[0m15:54:20.061105 [debug] [ThreadPool]: Acquiring new snowflake connection 'list_DATASENSE_DB_PUBLIC_PUBLIC_BRONZE'
[0m15:54:20.088108 [debug] [ThreadPool]: Acquiring new snowflake connection 'list_DATASENSE_DB_PUBLIC_PUBLIC_GOLD'
[0m15:54:20.127923 [debug] [ThreadPool]: Using snowflake connection "list_DATASENSE_DB_PUBLIC_PUBLIC_SILVER"
[0m15:54:20.127923 [debug] [ThreadPool]: On list_DATASENSE_DB_PUBLIC_PUBLIC_SILVER: show objects in DATASENSE_DB.PUBLIC_PUBLIC_SILVER
    limit 10000
    

/* {"app": "dbt", "dbt_version": "1.11.11", "profile_name": "datasense_dbt", "target_name": "dev", "connection_name": "list_DATASENSE_DB_PUBLIC_PUBLIC_SILVER"} */;
[0m15:54:20.127923 [debug] [ThreadPool]: Opening a new connection, currently in state init
[0m15:54:20.128876 [debug] [ThreadPool]: Using snowflake connection "list_DATASENSE_DB_PUBLIC_PUBLIC_BRONZE"
[0m15:54:20.128876 [debug] [ThreadPool]: Using snowflake connection "list_DATASENSE_DB_PUBLIC_PUBLIC_GOLD"
[0m15:54:20.128876 [debug] [ThreadPool]: On list_DATASENSE_DB_PUBLIC_PUBLIC_BRONZE: show objects in DATASENSE_DB.PUBLIC_PUBLIC_BRONZE
    limit 10000
    

/* {"app": "dbt", "dbt_version": "1.11.11", "profile_name": "datasense_dbt", "target_name": "dev", "connection_name": "list_DATASENSE_DB_PUBLIC_PUBLIC_BRONZE"} */;
[0m15:54:20.129877 [debug] [ThreadPool]: On list_DATASENSE_DB_PUBLIC_PUBLIC_GOLD: show objects in DATASENSE_DB.PUBLIC_PUBLIC_GOLD
    limit 10000
    

/* {"app": "dbt", "dbt_version": "1.11.11", "profile_name": "datasense_dbt", "target_name": "dev", "connection_name": "list_DATASENSE_DB_PUBLIC_PUBLIC_GOLD"} */;
[0m15:54:20.130878 [debug] [ThreadPool]: Opening a new connection, currently in state init
[0m15:54:20.131179 [debug] [ThreadPool]: Opening a new connection, currently in state init
[0m15:54:21.184992 [debug] [ThreadPool]: SQL status: SUCCESS 1 in 1.057 seconds
[0m15:54:21.187999 [debug] [ThreadPool]: SQL status: SUCCESS 1 in 1.057 seconds
[0m15:54:21.189992 [debug] [ThreadPool]: SQL status: SUCCESS 4 in 1.059 seconds
[0m15:54:21.196991 [debug] [MainThread]: Sending event: {'category': 'dbt', 'action': 'runnable_timing', 'label': 'ac35d13b-09ae-412b-bead-f8e6d4ad1823', 'context': [<snowplow_tracker.self_describing_json.SelfDescribingJson object at 0x000001D64CA97550>]}
[0m15:54:21.201426 [debug] [Thread-2 (]: Began running node test.datasense_dbt.accepted_values_gold_anomaly_features_anomaly_type__revenue_spike__revenue_drop__normal.f5aeecd93d
[0m15:54:21.203438 [debug] [Thread-3 (]: Began running node test.datasense_dbt.accepted_values_gold_customer_metrics_customer_segment__VIP__REGULAR__OCCASIONAL.cc94124980
[0m15:54:21.204425 [debug] [Thread-4 (]: Began running node test.datasense_dbt.accepted_values_silver_retail_cleaned_IsWeekend__True__False.d91ff75d53
[0m15:54:21.207431 [debug] [Thread-5 (]: Began running node test.datasense_dbt.accepted_values_silver_retail_cleaned_is_guest_purchase__True__False.c5ea65a8e5
[0m15:54:21.206429 [info ] [Thread-2 (]: 1 of 25 START test accepted_values_gold_anomaly_features_anomaly_type__revenue_spike__revenue_drop__normal  [RUN]
[0m15:54:21.208433 [info ] [Thread-3 (]: 2 of 25 START test accepted_values_gold_customer_metrics_customer_segment__VIP__REGULAR__OCCASIONAL  [RUN]
[0m15:54:21.209431 [info ] [Thread-4 (]: 3 of 25 START test accepted_values_silver_retail_cleaned_IsWeekend__True__False  [RUN]
[0m15:54:21.210427 [debug] [Thread-2 (]: Acquiring new snowflake connection 'test.datasense_dbt.accepted_values_gold_anomaly_features_anomaly_type__revenue_spike__revenue_drop__normal.f5aeecd93d'
[0m15:54:21.211426 [debug] [Thread-3 (]: Acquiring new snowflake connection 'test.datasense_dbt.accepted_values_gold_customer_metrics_customer_segment__VIP__REGULAR__OCCASIONAL.cc94124980'
[0m15:54:21.211426 [debug] [Thread-4 (]: Acquiring new snowflake connection 'test.datasense_dbt.accepted_values_silver_retail_cleaned_IsWeekend__True__False.d91ff75d53'
[0m15:54:21.210427 [info ] [Thread-5 (]: 4 of 25 START test accepted_values_silver_retail_cleaned_is_guest_purchase__True__False  [RUN]
[0m15:54:21.212425 [debug] [Thread-2 (]: Began compiling node test.datasense_dbt.accepted_values_gold_anomaly_features_anomaly_type__revenue_spike__revenue_drop__normal.f5aeecd93d
[0m15:54:21.212425 [debug] [Thread-3 (]: Began compiling node test.datasense_dbt.accepted_values_gold_customer_metrics_customer_segment__VIP__REGULAR__OCCASIONAL.cc94124980
[0m15:54:21.212425 [debug] [Thread-4 (]: Began compiling node test.datasense_dbt.accepted_values_silver_retail_cleaned_IsWeekend__True__False.d91ff75d53
[0m15:54:21.213426 [debug] [Thread-5 (]: Acquiring new snowflake connection 'test.datasense_dbt.accepted_values_silver_retail_cleaned_is_guest_purchase__True__False.c5ea65a8e5'
[0m15:54:21.239406 [debug] [Thread-2 (]: Writing injected SQL for node "test.datasense_dbt.accepted_values_gold_anomaly_features_anomaly_type__revenue_spike__revenue_drop__normal.f5aeecd93d"
[0m15:54:21.248862 [debug] [Thread-3 (]: Writing injected SQL for node "test.datasense_dbt.accepted_values_gold_customer_metrics_customer_segment__VIP__REGULAR__OCCASIONAL.cc94124980"
[0m15:54:21.252870 [debug] [Thread-4 (]: Writing injected SQL for node "test.datasense_dbt.accepted_values_silver_retail_cleaned_IsWeekend__True__False.d91ff75d53"
[0m15:54:21.252870 [debug] [Thread-5 (]: Began compiling node test.datasense_dbt.accepted_values_silver_retail_cleaned_is_guest_purchase__True__False.c5ea65a8e5
[0m15:54:21.258867 [debug] [Thread-5 (]: Writing injected SQL for node "test.datasense_dbt.accepted_values_silver_retail_cleaned_is_guest_purchase__True__False.c5ea65a8e5"
[0m15:54:21.259870 [debug] [Thread-3 (]: Began executing node test.datasense_dbt.accepted_values_gold_customer_metrics_customer_segment__VIP__REGULAR__OCCASIONAL.cc94124980
[0m15:54:21.260868 [debug] [Thread-4 (]: Began executing node test.datasense_dbt.accepted_values_silver_retail_cleaned_IsWeekend__True__False.d91ff75d53
[0m15:54:21.279387 [debug] [Thread-2 (]: Began executing node test.datasense_dbt.accepted_values_gold_anomaly_features_anomaly_type__revenue_spike__revenue_drop__normal.f5aeecd93d
[0m15:54:21.282498 [debug] [Thread-3 (]: Writing runtime sql for node "test.datasense_dbt.accepted_values_gold_customer_metrics_customer_segment__VIP__REGULAR__OCCASIONAL.cc94124980"
[0m15:54:21.282498 [debug] [Thread-5 (]: Began executing node test.datasense_dbt.accepted_values_silver_retail_cleaned_is_guest_purchase__True__False.c5ea65a8e5
[0m15:54:21.285501 [debug] [Thread-4 (]: Writing runtime sql for node "test.datasense_dbt.accepted_values_silver_retail_cleaned_IsWeekend__True__False.d91ff75d53"
[0m15:54:21.287438 [debug] [Thread-2 (]: Writing runtime sql for node "test.datasense_dbt.accepted_values_gold_anomaly_features_anomaly_type__revenue_spike__revenue_drop__normal.f5aeecd93d"
[0m15:54:21.290499 [debug] [Thread-5 (]: Writing runtime sql for node "test.datasense_dbt.accepted_values_silver_retail_cleaned_is_guest_purchase__True__False.c5ea65a8e5"
[0m15:54:21.292394 [debug] [Thread-3 (]: Using snowflake connection "test.datasense_dbt.accepted_values_gold_customer_metrics_customer_segment__VIP__REGULAR__OCCASIONAL.cc94124980"
[0m15:54:21.293398 [debug] [Thread-3 (]: On test.datasense_dbt.accepted_values_gold_customer_metrics_customer_segment__VIP__REGULAR__OCCASIONAL.cc94124980: select
      count(*) as failures,
      count(*) != 0 as should_warn,
      count(*) != 0 as should_error
    from (
      
    
  
    
    

with all_values as (

    select
        customer_segment as value_field,
        count(*) as n_records

    from DATASENSE_DB.PUBLIC_PUBLIC_GOLD.gold_customer_metrics
    group by customer_segment

)

select *
from all_values
where value_field not in (
    'VIP','REGULAR','OCCASIONAL'
)



  
  
      
    ) dbt_internal_test
/* {"app": "dbt", "dbt_version": "1.11.11", "profile_name": "datasense_dbt", "target_name": "dev", "node_id": "test.datasense_dbt.accepted_values_gold_customer_metrics_customer_segment__VIP__REGULAR__OCCASIONAL.cc94124980"} */
[0m15:54:21.294385 [debug] [Thread-3 (]: Opening a new connection, currently in state init
[0m15:54:21.295390 [debug] [Thread-2 (]: Using snowflake connection "test.datasense_dbt.accepted_values_gold_anomaly_features_anomaly_type__revenue_spike__revenue_drop__normal.f5aeecd93d"
[0m15:54:21.296388 [debug] [Thread-4 (]: Using snowflake connection "test.datasense_dbt.accepted_values_silver_retail_cleaned_IsWeekend__True__False.d91ff75d53"
[0m15:54:21.297821 [debug] [Thread-2 (]: On test.datasense_dbt.accepted_values_gold_anomaly_features_anomaly_type__revenue_spike__revenue_drop__normal.f5aeecd93d: select
      count(*) as failures,
      count(*) != 0 as should_warn,
      count(*) != 0 as should_error
    from (
      
    
  
    
    

with all_values as (

    select
        anomaly_type as value_field,
        count(*) as n_records

    from DATASENSE_DB.PUBLIC_PUBLIC_GOLD.gold_anomaly_features
    group by anomaly_type

)

select *
from all_values
where value_field not in (
    'revenue_spike','revenue_drop','normal'
)



  
  
      
    ) dbt_internal_test
/* {"app": "dbt", "dbt_version": "1.11.11", "profile_name": "datasense_dbt", "target_name": "dev", "node_id": "test.datasense_dbt.accepted_values_gold_anomaly_features_anomaly_type__revenue_spike__revenue_drop__normal.f5aeecd93d"} */
[0m15:54:21.297821 [debug] [Thread-4 (]: On test.datasense_dbt.accepted_values_silver_retail_cleaned_IsWeekend__True__False.d91ff75d53: select
      count(*) as failures,
      count(*) != 0 as should_warn,
      count(*) != 0 as should_error
    from (
      
    
  
    
    

with all_values as (

    select
        IsWeekend as value_field,
        count(*) as n_records

    from DATASENSE_DB.PUBLIC_PUBLIC_SILVER.silver_retail_cleaned
    group by IsWeekend

)

select *
from all_values
where value_field not in (
    'True','False'
)



  
  
      
    ) dbt_internal_test
/* {"app": "dbt", "dbt_version": "1.11.11", "profile_name": "datasense_dbt", "target_name": "dev", "node_id": "test.datasense_dbt.accepted_values_silver_retail_cleaned_IsWeekend__True__False.d91ff75d53"} */
[0m15:54:21.297821 [debug] [Thread-2 (]: Opening a new connection, currently in state init
[0m15:54:21.298875 [debug] [Thread-5 (]: Using snowflake connection "test.datasense_dbt.accepted_values_silver_retail_cleaned_is_guest_purchase__True__False.c5ea65a8e5"
[0m15:54:21.299876 [debug] [Thread-4 (]: Opening a new connection, currently in state init
[0m15:54:21.299876 [debug] [Thread-5 (]: On test.datasense_dbt.accepted_values_silver_retail_cleaned_is_guest_purchase__True__False.c5ea65a8e5: select
      count(*) as failures,
      count(*) != 0 as should_warn,
      count(*) != 0 as should_error
    from (
      
    
  
    
    

with all_values as (

    select
        is_guest_purchase as value_field,
        count(*) as n_records

    from DATASENSE_DB.PUBLIC_PUBLIC_SILVER.silver_retail_cleaned
    group by is_guest_purchase

)

select *
from all_values
where value_field not in (
    'True','False'
)



  
  
      
    ) dbt_internal_test
/* {"app": "dbt", "dbt_version": "1.11.11", "profile_name": "datasense_dbt", "target_name": "dev", "node_id": "test.datasense_dbt.accepted_values_silver_retail_cleaned_is_guest_purchase__True__False.c5ea65a8e5"} */
[0m15:54:21.301875 [debug] [Thread-5 (]: Opening a new connection, currently in state init
[0m15:54:22.209740 [debug] [Thread-5 (]: SQL status: SUCCESS 1 in 0.908 seconds
[0m15:54:22.222676 [info ] [Thread-5 (]: 4 of 25 PASS accepted_values_silver_retail_cleaned_is_guest_purchase__True__False  [[32mPASS[0m in 1.01s]
[0m15:54:22.223660 [debug] [Thread-5 (]: Finished running node test.datasense_dbt.accepted_values_silver_retail_cleaned_is_guest_purchase__True__False.c5ea65a8e5
[0m15:54:22.224687 [debug] [Thread-5 (]: Began running node test.datasense_dbt.dbt_utils_expression_is_true_gold_customer_metrics_total_spend___0.286302fa2b
[0m15:54:22.224687 [info ] [Thread-5 (]: 5 of 25 START test dbt_utils_expression_is_true_gold_customer_metrics_total_spend___0  [RUN]
[0m15:54:22.225621 [debug] [Thread-5 (]: Re-using an available connection from the pool (formerly test.datasense_dbt.accepted_values_silver_retail_cleaned_is_guest_purchase__True__False.c5ea65a8e5, now test.datasense_dbt.dbt_utils_expression_is_true_gold_customer_metrics_total_spend___0.286302fa2b)
[0m15:54:22.226575 [debug] [Thread-5 (]: Began compiling node test.datasense_dbt.dbt_utils_expression_is_true_gold_customer_metrics_total_spend___0.286302fa2b
[0m15:54:22.236279 [debug] [Thread-5 (]: Writing injected SQL for node "test.datasense_dbt.dbt_utils_expression_is_true_gold_customer_metrics_total_spend___0.286302fa2b"
[0m15:54:22.240280 [debug] [Thread-5 (]: Began executing node test.datasense_dbt.dbt_utils_expression_is_true_gold_customer_metrics_total_spend___0.286302fa2b
[0m15:54:22.243279 [debug] [Thread-5 (]: Writing runtime sql for node "test.datasense_dbt.dbt_utils_expression_is_true_gold_customer_metrics_total_spend___0.286302fa2b"
[0m15:54:22.245317 [debug] [Thread-5 (]: Using snowflake connection "test.datasense_dbt.dbt_utils_expression_is_true_gold_customer_metrics_total_spend___0.286302fa2b"
[0m15:54:22.245317 [debug] [Thread-5 (]: On test.datasense_dbt.dbt_utils_expression_is_true_gold_customer_metrics_total_spend___0.286302fa2b: select
      count(*) as failures,
      count(*) != 0 as should_warn,
      count(*) != 0 as should_error
    from (
      
    
  



select
    1
from DATASENSE_DB.PUBLIC_PUBLIC_GOLD.gold_customer_metrics

where not(total_spend > 0)


  
  
      
    ) dbt_internal_test
/* {"app": "dbt", "dbt_version": "1.11.11", "profile_name": "datasense_dbt", "target_name": "dev", "node_id": "test.datasense_dbt.dbt_utils_expression_is_true_gold_customer_metrics_total_spend___0.286302fa2b"} */
[0m15:54:22.515996 [debug] [Thread-5 (]: SQL status: SUCCESS 1 in 0.270 seconds
[0m15:54:22.520996 [debug] [Thread-4 (]: SQL status: SUCCESS 1 in 1.221 seconds
[0m15:54:22.519101 [info ] [Thread-5 (]: 5 of 25 PASS dbt_utils_expression_is_true_gold_customer_metrics_total_spend___0  [[32mPASS[0m in 0.29s]
[0m15:54:22.525100 [debug] [Thread-5 (]: Finished running node test.datasense_dbt.dbt_utils_expression_is_true_gold_customer_metrics_total_spend___0.286302fa2b
[0m15:54:22.526146 [debug] [Thread-5 (]: Began running node test.datasense_dbt.dbt_utils_expression_is_true_gold_daily_revenue_total_orders___0.1e1450d4d8
[0m15:54:22.524530 [info ] [Thread-4 (]: 3 of 25 PASS accepted_values_silver_retail_cleaned_IsWeekend__True__False ...... [[32mPASS[0m in 1.31s]
[0m15:54:22.528146 [debug] [Thread-4 (]: Finished running node test.datasense_dbt.accepted_values_silver_retail_cleaned_IsWeekend__True__False.d91ff75d53
[0m15:54:22.528146 [debug] [Thread-4 (]: Began running node test.datasense_dbt.dbt_utils_expression_is_true_gold_daily_revenue_total_revenue___0.b59a61bac9
[0m15:54:22.527146 [info ] [Thread-5 (]: 6 of 25 START test dbt_utils_expression_is_true_gold_daily_revenue_total_orders___0  [RUN]
[0m15:54:22.529144 [info ] [Thread-4 (]: 7 of 25 START test dbt_utils_expression_is_true_gold_daily_revenue_total_revenue___0  [RUN]
[0m15:54:22.530144 [debug] [Thread-5 (]: Re-using an available connection from the pool (formerly test.datasense_dbt.dbt_utils_expression_is_true_gold_customer_metrics_total_spend___0.286302fa2b, now test.datasense_dbt.dbt_utils_expression_is_true_gold_daily_revenue_total_orders___0.1e1450d4d8)
[0m15:54:22.531204 [debug] [Thread-5 (]: Began compiling node test.datasense_dbt.dbt_utils_expression_is_true_gold_daily_revenue_total_orders___0.1e1450d4d8
[0m15:54:22.531204 [debug] [Thread-4 (]: Re-using an available connection from the pool (formerly test.datasense_dbt.accepted_values_silver_retail_cleaned_IsWeekend__True__False.d91ff75d53, now test.datasense_dbt.dbt_utils_expression_is_true_gold_daily_revenue_total_revenue___0.b59a61bac9)
[0m15:54:22.536145 [debug] [Thread-5 (]: Writing injected SQL for node "test.datasense_dbt.dbt_utils_expression_is_true_gold_daily_revenue_total_orders___0.1e1450d4d8"
[0m15:54:22.537144 [debug] [Thread-4 (]: Began compiling node test.datasense_dbt.dbt_utils_expression_is_true_gold_daily_revenue_total_revenue___0.b59a61bac9
[0m15:54:22.541144 [debug] [Thread-4 (]: Writing injected SQL for node "test.datasense_dbt.dbt_utils_expression_is_true_gold_daily_revenue_total_revenue___0.b59a61bac9"
[0m15:54:22.541771 [debug] [Thread-4 (]: Began executing node test.datasense_dbt.dbt_utils_expression_is_true_gold_daily_revenue_total_revenue___0.b59a61bac9
[0m15:54:22.545913 [debug] [Thread-4 (]: Writing runtime sql for node "test.datasense_dbt.dbt_utils_expression_is_true_gold_daily_revenue_total_revenue___0.b59a61bac9"
[0m15:54:22.546833 [debug] [Thread-5 (]: Began executing node test.datasense_dbt.dbt_utils_expression_is_true_gold_daily_revenue_total_orders___0.1e1450d4d8
[0m15:54:22.550805 [debug] [Thread-5 (]: Writing runtime sql for node "test.datasense_dbt.dbt_utils_expression_is_true_gold_daily_revenue_total_orders___0.1e1450d4d8"
[0m15:54:22.552807 [debug] [Thread-4 (]: Using snowflake connection "test.datasense_dbt.dbt_utils_expression_is_true_gold_daily_revenue_total_revenue___0.b59a61bac9"
[0m15:54:22.552807 [debug] [Thread-4 (]: On test.datasense_dbt.dbt_utils_expression_is_true_gold_daily_revenue_total_revenue___0.b59a61bac9: select
      count(*) as failures,
      count(*) != 0 as should_warn,
      count(*) != 0 as should_error
    from (
      
    
  



select
    1
from DATASENSE_DB.PUBLIC_PUBLIC_GOLD.gold_daily_revenue

where not(total_revenue > 0)


  
  
      
    ) dbt_internal_test
/* {"app": "dbt", "dbt_version": "1.11.11", "profile_name": "datasense_dbt", "target_name": "dev", "node_id": "test.datasense_dbt.dbt_utils_expression_is_true_gold_daily_revenue_total_revenue___0.b59a61bac9"} */
[0m15:54:22.554804 [debug] [Thread-5 (]: Using snowflake connection "test.datasense_dbt.dbt_utils_expression_is_true_gold_daily_revenue_total_orders___0.1e1450d4d8"
[0m15:54:22.554804 [debug] [Thread-5 (]: On test.datasense_dbt.dbt_utils_expression_is_true_gold_daily_revenue_total_orders___0.1e1450d4d8: select
      count(*) as failures,
      count(*) != 0 as should_warn,
      count(*) != 0 as should_error
    from (
      
    
  



select
    1
from DATASENSE_DB.PUBLIC_PUBLIC_GOLD.gold_daily_revenue

where not(total_orders > 0)


  
  
      
    ) dbt_internal_test
/* {"app": "dbt", "dbt_version": "1.11.11", "profile_name": "datasense_dbt", "target_name": "dev", "node_id": "test.datasense_dbt.dbt_utils_expression_is_true_gold_daily_revenue_total_orders___0.1e1450d4d8"} */
[0m15:54:22.615048 [debug] [Thread-3 (]: SQL status: SUCCESS 1 in 1.320 seconds
[0m15:54:22.619416 [info ] [Thread-3 (]: 2 of 25 PASS accepted_values_gold_customer_metrics_customer_segment__VIP__REGULAR__OCCASIONAL  [[32mPASS[0m in 1.41s]
[0m15:54:22.620322 [debug] [Thread-3 (]: Finished running node test.datasense_dbt.accepted_values_gold_customer_metrics_customer_segment__VIP__REGULAR__OCCASIONAL.cc94124980
[0m15:54:22.621425 [debug] [Thread-3 (]: Began running node test.datasense_dbt.dbt_utils_expression_is_true_gold_product_velocity_units_sold___0.92f6f917e7
[0m15:54:22.622428 [info ] [Thread-3 (]: 8 of 25 START test dbt_utils_expression_is_true_gold_product_velocity_units_sold___0  [RUN]
[0m15:54:22.623309 [debug] [Thread-3 (]: Re-using an available connection from the pool (formerly test.datasense_dbt.accepted_values_gold_customer_metrics_customer_segment__VIP__REGULAR__OCCASIONAL.cc94124980, now test.datasense_dbt.dbt_utils_expression_is_true_gold_product_velocity_units_sold___0.92f6f917e7)
[0m15:54:22.623309 [debug] [Thread-3 (]: Began compiling node test.datasense_dbt.dbt_utils_expression_is_true_gold_product_velocity_units_sold___0.92f6f917e7
[0m15:54:22.630307 [debug] [Thread-3 (]: Writing injected SQL for node "test.datasense_dbt.dbt_utils_expression_is_true_gold_product_velocity_units_sold___0.92f6f917e7"
[0m15:54:22.633308 [debug] [Thread-3 (]: Began executing node test.datasense_dbt.dbt_utils_expression_is_true_gold_product_velocity_units_sold___0.92f6f917e7
[0m15:54:22.637307 [debug] [Thread-3 (]: Writing runtime sql for node "test.datasense_dbt.dbt_utils_expression_is_true_gold_product_velocity_units_sold___0.92f6f917e7"
[0m15:54:22.638307 [debug] [Thread-3 (]: Using snowflake connection "test.datasense_dbt.dbt_utils_expression_is_true_gold_product_velocity_units_sold___0.92f6f917e7"
[0m15:54:22.638307 [debug] [Thread-3 (]: On test.datasense_dbt.dbt_utils_expression_is_true_gold_product_velocity_units_sold___0.92f6f917e7: select
      count(*) as failures,
      count(*) != 0 as should_warn,
      count(*) != 0 as should_error
    from (
      
    
  



select
    1
from DATASENSE_DB.PUBLIC_PUBLIC_GOLD.gold_product_velocity

where not(units_sold > 0)


  
  
      
    ) dbt_internal_test
/* {"app": "dbt", "dbt_version": "1.11.11", "profile_name": "datasense_dbt", "target_name": "dev", "node_id": "test.datasense_dbt.dbt_utils_expression_is_true_gold_product_velocity_units_sold___0.92f6f917e7"} */
[0m15:54:22.828000 [debug] [Thread-5 (]: SQL status: SUCCESS 1 in 0.272 seconds
[0m15:54:22.834764 [debug] [Thread-2 (]: SQL status: SUCCESS 1 in 1.536 seconds
[0m15:54:22.839718 [debug] [Thread-4 (]: SQL status: SUCCESS 1 in 0.286 seconds
[0m15:54:22.832463 [info ] [Thread-5 (]: 6 of 25 PASS dbt_utils_expression_is_true_gold_daily_revenue_total_orders___0 .. [[32mPASS[0m in 0.30s]
[0m15:54:22.842743 [debug] [Thread-5 (]: Finished running node test.datasense_dbt.dbt_utils_expression_is_true_gold_daily_revenue_total_orders___0.1e1450d4d8
[0m15:54:22.843745 [debug] [Thread-5 (]: Began running node test.datasense_dbt.dbt_utils_expression_is_true_silver_retail_cleaned_TotalRevenue___0.01f908b3fb
[0m15:54:22.837760 [info ] [Thread-2 (]: 1 of 25 PASS accepted_values_gold_anomaly_features_anomaly_type__revenue_spike__revenue_drop__normal  [[32mPASS[0m in 1.63s]
[0m15:54:22.844691 [debug] [Thread-2 (]: Finished running node test.datasense_dbt.accepted_values_gold_anomaly_features_anomaly_type__revenue_spike__revenue_drop__normal.f5aeecd93d
[0m15:54:22.845649 [debug] [Thread-2 (]: Began running node test.datasense_dbt.not_null_bronze_retail_raw_InvoiceDate.8c9ab03aac
[0m15:54:22.842743 [info ] [Thread-4 (]: 7 of 25 PASS dbt_utils_expression_is_true_gold_daily_revenue_total_revenue___0 . [[32mPASS[0m in 0.31s]
[0m15:54:22.846649 [debug] [Thread-4 (]: Finished running node test.datasense_dbt.dbt_utils_expression_is_true_gold_daily_revenue_total_revenue___0.b59a61bac9
[0m15:54:22.847649 [debug] [Thread-4 (]: Began running node test.datasense_dbt.not_null_bronze_retail_raw_InvoiceNo.66ff95ecd3
[0m15:54:22.843745 [info ] [Thread-5 (]: 9 of 25 START test dbt_utils_expression_is_true_silver_retail_cleaned_TotalRevenue___0  [RUN]
[0m15:54:22.849996 [debug] [Thread-5 (]: Re-using an available connection from the pool (formerly test.datasense_dbt.dbt_utils_expression_is_true_gold_daily_revenue_total_orders___0.1e1450d4d8, now test.datasense_dbt.dbt_utils_expression_is_true_silver_retail_cleaned_TotalRevenue___0.01f908b3fb)
[0m15:54:22.850995 [debug] [Thread-5 (]: Began compiling node test.datasense_dbt.dbt_utils_expression_is_true_silver_retail_cleaned_TotalRevenue___0.01f908b3fb
[0m15:54:22.854995 [debug] [Thread-5 (]: Writing injected SQL for node "test.datasense_dbt.dbt_utils_expression_is_true_silver_retail_cleaned_TotalRevenue___0.01f908b3fb"
[0m15:54:22.845649 [info ] [Thread-2 (]: 10 of 25 START test not_null_bronze_retail_raw_InvoiceDate ..................... [RUN]
[0m15:54:22.854995 [debug] [Thread-2 (]: Re-using an available connection from the pool (formerly test.datasense_dbt.accepted_values_gold_anomaly_features_anomaly_type__revenue_spike__revenue_drop__normal.f5aeecd93d, now test.datasense_dbt.not_null_bronze_retail_raw_InvoiceDate.8c9ab03aac)
[0m15:54:22.854995 [debug] [Thread-2 (]: Began compiling node test.datasense_dbt.not_null_bronze_retail_raw_InvoiceDate.8c9ab03aac
[0m15:54:22.848717 [info ] [Thread-4 (]: 11 of 25 START test not_null_bronze_retail_raw_InvoiceNo ....................... [RUN]
[0m15:54:22.863238 [debug] [Thread-2 (]: Writing injected SQL for node "test.datasense_dbt.not_null_bronze_retail_raw_InvoiceDate.8c9ab03aac"
[0m15:54:22.864133 [debug] [Thread-4 (]: Re-using an available connection from the pool (formerly test.datasense_dbt.dbt_utils_expression_is_true_gold_daily_revenue_total_revenue___0.b59a61bac9, now test.datasense_dbt.not_null_bronze_retail_raw_InvoiceNo.66ff95ecd3)
[0m15:54:22.864133 [debug] [Thread-5 (]: Began executing node test.datasense_dbt.dbt_utils_expression_is_true_silver_retail_cleaned_TotalRevenue___0.01f908b3fb
[0m15:54:22.866133 [debug] [Thread-4 (]: Began compiling node test.datasense_dbt.not_null_bronze_retail_raw_InvoiceNo.66ff95ecd3
[0m15:54:22.869266 [debug] [Thread-5 (]: Writing runtime sql for node "test.datasense_dbt.dbt_utils_expression_is_true_silver_retail_cleaned_TotalRevenue___0.01f908b3fb"
[0m15:54:22.872243 [debug] [Thread-4 (]: Writing injected SQL for node "test.datasense_dbt.not_null_bronze_retail_raw_InvoiceNo.66ff95ecd3"
[0m15:54:22.873248 [debug] [Thread-2 (]: Began executing node test.datasense_dbt.not_null_bronze_retail_raw_InvoiceDate.8c9ab03aac
[0m15:54:22.876679 [debug] [Thread-2 (]: Writing runtime sql for node "test.datasense_dbt.not_null_bronze_retail_raw_InvoiceDate.8c9ab03aac"
[0m15:54:22.877679 [debug] [Thread-4 (]: Began executing node test.datasense_dbt.not_null_bronze_retail_raw_InvoiceNo.66ff95ecd3
[0m15:54:22.880680 [debug] [Thread-4 (]: Writing runtime sql for node "test.datasense_dbt.not_null_bronze_retail_raw_InvoiceNo.66ff95ecd3"
[0m15:54:22.880680 [debug] [Thread-5 (]: Using snowflake connection "test.datasense_dbt.dbt_utils_expression_is_true_silver_retail_cleaned_TotalRevenue___0.01f908b3fb"
[0m15:54:22.883192 [debug] [Thread-5 (]: On test.datasense_dbt.dbt_utils_expression_is_true_silver_retail_cleaned_TotalRevenue___0.01f908b3fb: select
      count(*) as failures,
      count(*) != 0 as should_warn,
      count(*) != 0 as should_error
    from (
      
    
  



select
    1
from DATASENSE_DB.PUBLIC_PUBLIC_SILVER.silver_retail_cleaned

where not(TotalRevenue > 0)


  
  
      
    ) dbt_internal_test
/* {"app": "dbt", "dbt_version": "1.11.11", "profile_name": "datasense_dbt", "target_name": "dev", "node_id": "test.datasense_dbt.dbt_utils_expression_is_true_silver_retail_cleaned_TotalRevenue___0.01f908b3fb"} */
[0m15:54:22.885279 [debug] [Thread-2 (]: Using snowflake connection "test.datasense_dbt.not_null_bronze_retail_raw_InvoiceDate.8c9ab03aac"
[0m15:54:22.886191 [debug] [Thread-2 (]: On test.datasense_dbt.not_null_bronze_retail_raw_InvoiceDate.8c9ab03aac: select
      count(*) as failures,
      count(*) != 0 as should_warn,
      count(*) != 0 as should_error
    from (
      
    
  
    
    



select InvoiceDate
from DATASENSE_DB.PUBLIC_PUBLIC_BRONZE.bronze_retail_raw
where InvoiceDate is null



  
  
      
    ) dbt_internal_test
/* {"app": "dbt", "dbt_version": "1.11.11", "profile_name": "datasense_dbt", "target_name": "dev", "node_id": "test.datasense_dbt.not_null_bronze_retail_raw_InvoiceDate.8c9ab03aac"} */
[0m15:54:22.889191 [debug] [Thread-4 (]: Using snowflake connection "test.datasense_dbt.not_null_bronze_retail_raw_InvoiceNo.66ff95ecd3"
[0m15:54:22.889191 [debug] [Thread-4 (]: On test.datasense_dbt.not_null_bronze_retail_raw_InvoiceNo.66ff95ecd3: select
      count(*) as failures,
      count(*) != 0 as should_warn,
      count(*) != 0 as should_error
    from (
      
    
  
    
    



select InvoiceNo
from DATASENSE_DB.PUBLIC_PUBLIC_BRONZE.bronze_retail_raw
where InvoiceNo is null



  
  
      
    ) dbt_internal_test
/* {"app": "dbt", "dbt_version": "1.11.11", "profile_name": "datasense_dbt", "target_name": "dev", "node_id": "test.datasense_dbt.not_null_bronze_retail_raw_InvoiceNo.66ff95ecd3"} */
[0m15:54:22.903623 [debug] [Thread-3 (]: SQL status: SUCCESS 1 in 0.265 seconds
[0m15:54:22.905686 [info ] [Thread-3 (]: 8 of 25 PASS dbt_utils_expression_is_true_gold_product_velocity_units_sold___0 . [[32mPASS[0m in 0.28s]
[0m15:54:22.906569 [debug] [Thread-3 (]: Finished running node test.datasense_dbt.dbt_utils_expression_is_true_gold_product_velocity_units_sold___0.92f6f917e7
[0m15:54:22.906569 [debug] [Thread-3 (]: Began running node test.datasense_dbt.not_null_bronze_retail_raw_StockCode.8c61c0dddd
[0m15:54:22.906569 [info ] [Thread-3 (]: 12 of 25 START test not_null_bronze_retail_raw_StockCode ....................... [RUN]
[0m15:54:22.907567 [debug] [Thread-3 (]: Re-using an available connection from the pool (formerly test.datasense_dbt.dbt_utils_expression_is_true_gold_product_velocity_units_sold___0.92f6f917e7, now test.datasense_dbt.not_null_bronze_retail_raw_StockCode.8c61c0dddd)
[0m15:54:22.907567 [debug] [Thread-3 (]: Began compiling node test.datasense_dbt.not_null_bronze_retail_raw_StockCode.8c61c0dddd
[0m15:54:22.911681 [debug] [Thread-3 (]: Writing injected SQL for node "test.datasense_dbt.not_null_bronze_retail_raw_StockCode.8c61c0dddd"
[0m15:54:22.912668 [debug] [Thread-3 (]: Began executing node test.datasense_dbt.not_null_bronze_retail_raw_StockCode.8c61c0dddd
[0m15:54:22.915874 [debug] [Thread-3 (]: Writing runtime sql for node "test.datasense_dbt.not_null_bronze_retail_raw_StockCode.8c61c0dddd"
[0m15:54:22.917875 [debug] [Thread-3 (]: Using snowflake connection "test.datasense_dbt.not_null_bronze_retail_raw_StockCode.8c61c0dddd"
[0m15:54:22.918977 [debug] [Thread-3 (]: On test.datasense_dbt.not_null_bronze_retail_raw_StockCode.8c61c0dddd: select
      count(*) as failures,
      count(*) != 0 as should_warn,
      count(*) != 0 as should_error
    from (
      
    
  
    
    



select StockCode
from DATASENSE_DB.PUBLIC_PUBLIC_BRONZE.bronze_retail_raw
where StockCode is null



  
  
      
    ) dbt_internal_test
/* {"app": "dbt", "dbt_version": "1.11.11", "profile_name": "datasense_dbt", "target_name": "dev", "node_id": "test.datasense_dbt.not_null_bronze_retail_raw_StockCode.8c61c0dddd"} */
[0m15:54:23.036620 [debug] [Thread-2 (]: SQL status: SUCCESS 1 in 0.149 seconds
[0m15:54:23.041072 [info ] [Thread-2 (]: 10 of 25 PASS not_null_bronze_retail_raw_InvoiceDate ........................... [[32mPASS[0m in 0.19s]
[0m15:54:23.042065 [debug] [Thread-2 (]: Finished running node test.datasense_dbt.not_null_bronze_retail_raw_InvoiceDate.8c9ab03aac
[0m15:54:23.043078 [debug] [Thread-2 (]: Began running node test.datasense_dbt.not_null_gold_anomaly_features_sale_date.e0c19fc532
[0m15:54:23.044078 [info ] [Thread-2 (]: 13 of 25 START test not_null_gold_anomaly_features_sale_date ................... [RUN]
[0m15:54:23.044966 [debug] [Thread-2 (]: Re-using an available connection from the pool (formerly test.datasense_dbt.not_null_bronze_retail_raw_InvoiceDate.8c9ab03aac, now test.datasense_dbt.not_null_gold_anomaly_features_sale_date.e0c19fc532)
[0m15:54:23.045967 [debug] [Thread-2 (]: Began compiling node test.datasense_dbt.not_null_gold_anomaly_features_sale_date.e0c19fc532
[0m15:54:23.053282 [debug] [Thread-2 (]: Writing injected SQL for node "test.datasense_dbt.not_null_gold_anomaly_features_sale_date.e0c19fc532"
[0m15:54:23.055281 [debug] [Thread-2 (]: Began executing node test.datasense_dbt.not_null_gold_anomaly_features_sale_date.e0c19fc532
[0m15:54:23.057388 [debug] [Thread-2 (]: Writing runtime sql for node "test.datasense_dbt.not_null_gold_anomaly_features_sale_date.e0c19fc532"
[0m15:54:23.059286 [debug] [Thread-2 (]: Using snowflake connection "test.datasense_dbt.not_null_gold_anomaly_features_sale_date.e0c19fc532"
[0m15:54:23.059286 [debug] [Thread-2 (]: On test.datasense_dbt.not_null_gold_anomaly_features_sale_date.e0c19fc532: select
      count(*) as failures,
      count(*) != 0 as should_warn,
      count(*) != 0 as should_error
    from (
      
    
  
    
    



select sale_date
from DATASENSE_DB.PUBLIC_PUBLIC_GOLD.gold_anomaly_features
where sale_date is null



  
  
      
    ) dbt_internal_test
/* {"app": "dbt", "dbt_version": "1.11.11", "profile_name": "datasense_dbt", "target_name": "dev", "node_id": "test.datasense_dbt.not_null_gold_anomaly_features_sale_date.e0c19fc532"} */
[0m15:54:23.155091 [debug] [Thread-4 (]: SQL status: SUCCESS 1 in 0.264 seconds
[0m15:54:23.159092 [info ] [Thread-4 (]: 11 of 25 PASS not_null_bronze_retail_raw_InvoiceNo ............................. [[32mPASS[0m in 0.30s]
[0m15:54:23.160008 [debug] [Thread-4 (]: Finished running node test.datasense_dbt.not_null_bronze_retail_raw_InvoiceNo.66ff95ecd3
[0m15:54:23.161087 [debug] [Thread-4 (]: Began running node test.datasense_dbt.not_null_gold_customer_metrics_CustomerID.c3a1e1001c
[0m15:54:23.162092 [info ] [Thread-4 (]: 14 of 25 START test not_null_gold_customer_metrics_CustomerID .................. [RUN]
[0m15:54:23.162991 [debug] [Thread-4 (]: Re-using an available connection from the pool (formerly test.datasense_dbt.not_null_bronze_retail_raw_InvoiceNo.66ff95ecd3, now test.datasense_dbt.not_null_gold_customer_metrics_CustomerID.c3a1e1001c)
[0m15:54:23.163984 [debug] [Thread-4 (]: Began compiling node test.datasense_dbt.not_null_gold_customer_metrics_CustomerID.c3a1e1001c
[0m15:54:23.170063 [debug] [Thread-4 (]: Writing injected SQL for node "test.datasense_dbt.not_null_gold_customer_metrics_CustomerID.c3a1e1001c"
[0m15:54:23.172063 [debug] [Thread-5 (]: SQL status: SUCCESS 1 in 0.288 seconds
[0m15:54:23.173113 [info ] [Thread-5 (]: 9 of 25 PASS dbt_utils_expression_is_true_silver_retail_cleaned_TotalRevenue___0  [[32mPASS[0m in 0.32s]
[0m15:54:23.174160 [debug] [Thread-5 (]: Finished running node test.datasense_dbt.dbt_utils_expression_is_true_silver_retail_cleaned_TotalRevenue___0.01f908b3fb
[0m15:54:23.175062 [debug] [Thread-5 (]: Began running node test.datasense_dbt.not_null_gold_customer_metrics_total_spend.4bfdfd0c38
[0m15:54:23.175062 [info ] [Thread-5 (]: 15 of 25 START test not_null_gold_customer_metrics_total_spend ................. [RUN]
[0m15:54:23.175062 [debug] [Thread-5 (]: Re-using an available connection from the pool (formerly test.datasense_dbt.dbt_utils_expression_is_true_silver_retail_cleaned_TotalRevenue___0.01f908b3fb, now test.datasense_dbt.not_null_gold_customer_metrics_total_spend.4bfdfd0c38)
[0m15:54:23.176063 [debug] [Thread-5 (]: Began compiling node test.datasense_dbt.not_null_gold_customer_metrics_total_spend.4bfdfd0c38
[0m15:54:23.273315 [debug] [Thread-4 (]: Began executing node test.datasense_dbt.not_null_gold_customer_metrics_CustomerID.c3a1e1001c
[0m15:54:23.285885 [debug] [Thread-4 (]: Writing runtime sql for node "test.datasense_dbt.not_null_gold_customer_metrics_CustomerID.c3a1e1001c"
[0m15:54:23.297881 [debug] [Thread-3 (]: SQL status: SUCCESS 1 in 0.378 seconds
[0m15:54:23.300876 [debug] [Thread-5 (]: Writing injected SQL for node "test.datasense_dbt.not_null_gold_customer_metrics_total_spend.4bfdfd0c38"
[0m15:54:23.302885 [info ] [Thread-3 (]: 12 of 25 PASS not_null_bronze_retail_raw_StockCode ............................. [[32mPASS[0m in 0.40s]
[0m15:54:23.305880 [debug] [Thread-3 (]: Finished running node test.datasense_dbt.not_null_bronze_retail_raw_StockCode.8c61c0dddd
[0m15:54:23.306879 [debug] [Thread-3 (]: Began running node test.datasense_dbt.not_null_gold_daily_revenue_sale_date.ec2bdf8373
[0m15:54:23.308878 [debug] [Thread-4 (]: Using snowflake connection "test.datasense_dbt.not_null_gold_customer_metrics_CustomerID.c3a1e1001c"
[0m15:54:23.310875 [debug] [Thread-2 (]: SQL status: SUCCESS 1 in 0.251 seconds
[0m15:54:23.309879 [info ] [Thread-3 (]: 16 of 25 START test not_null_gold_daily_revenue_sale_date ...................... [RUN]
[0m15:54:23.311879 [debug] [Thread-4 (]: On test.datasense_dbt.not_null_gold_customer_metrics_CustomerID.c3a1e1001c: select
      count(*) as failures,
      count(*) != 0 as should_warn,
      count(*) != 0 as should_error
    from (
      
    
  
    
    



select CustomerID
from DATASENSE_DB.PUBLIC_PUBLIC_GOLD.gold_customer_metrics
where CustomerID is null



  
  
      
    ) dbt_internal_test
/* {"app": "dbt", "dbt_version": "1.11.11", "profile_name": "datasense_dbt", "target_name": "dev", "node_id": "test.datasense_dbt.not_null_gold_customer_metrics_CustomerID.c3a1e1001c"} */
[0m15:54:23.312882 [debug] [Thread-5 (]: Began executing node test.datasense_dbt.not_null_gold_customer_metrics_total_spend.4bfdfd0c38
[0m15:54:23.319772 [info ] [Thread-2 (]: 13 of 25 PASS not_null_gold_anomaly_features_sale_date ......................... [[32mPASS[0m in 0.27s]
[0m15:54:23.320772 [debug] [Thread-3 (]: Re-using an available connection from the pool (formerly test.datasense_dbt.not_null_bronze_retail_raw_StockCode.8c61c0dddd, now test.datasense_dbt.not_null_gold_daily_revenue_sale_date.ec2bdf8373)
[0m15:54:23.327772 [debug] [Thread-5 (]: Writing runtime sql for node "test.datasense_dbt.not_null_gold_customer_metrics_total_spend.4bfdfd0c38"
[0m15:54:23.330712 [debug] [Thread-2 (]: Finished running node test.datasense_dbt.not_null_gold_anomaly_features_sale_date.e0c19fc532
[0m15:54:23.331759 [debug] [Thread-3 (]: Began compiling node test.datasense_dbt.not_null_gold_daily_revenue_sale_date.ec2bdf8373
[0m15:54:23.333757 [debug] [Thread-2 (]: Began running node test.datasense_dbt.not_null_gold_daily_revenue_total_revenue.27540968f5
[0m15:54:23.339756 [debug] [Thread-3 (]: Writing injected SQL for node "test.datasense_dbt.not_null_gold_daily_revenue_sale_date.ec2bdf8373"
[0m15:54:23.340754 [info ] [Thread-2 (]: 17 of 25 START test not_null_gold_daily_revenue_total_revenue .................. [RUN]
[0m15:54:23.341753 [debug] [Thread-2 (]: Re-using an available connection from the pool (formerly test.datasense_dbt.not_null_gold_anomaly_features_sale_date.e0c19fc532, now test.datasense_dbt.not_null_gold_daily_revenue_total_revenue.27540968f5)
[0m15:54:23.343753 [debug] [Thread-5 (]: Using snowflake connection "test.datasense_dbt.not_null_gold_customer_metrics_total_spend.4bfdfd0c38"
[0m15:54:23.344752 [debug] [Thread-2 (]: Began compiling node test.datasense_dbt.not_null_gold_daily_revenue_total_revenue.27540968f5
[0m15:54:23.344752 [debug] [Thread-5 (]: On test.datasense_dbt.not_null_gold_customer_metrics_total_spend.4bfdfd0c38: select
      count(*) as failures,
      count(*) != 0 as should_warn,
      count(*) != 0 as should_error
    from (
      
    
  
    
    



select total_spend
from DATASENSE_DB.PUBLIC_PUBLIC_GOLD.gold_customer_metrics
where total_spend is null



  
  
      
    ) dbt_internal_test
/* {"app": "dbt", "dbt_version": "1.11.11", "profile_name": "datasense_dbt", "target_name": "dev", "node_id": "test.datasense_dbt.not_null_gold_customer_metrics_total_spend.4bfdfd0c38"} */
[0m15:54:23.344752 [debug] [Thread-3 (]: Began executing node test.datasense_dbt.not_null_gold_daily_revenue_sale_date.ec2bdf8373
[0m15:54:23.348312 [debug] [Thread-2 (]: Writing injected SQL for node "test.datasense_dbt.not_null_gold_daily_revenue_total_revenue.27540968f5"
[0m15:54:23.357179 [debug] [Thread-3 (]: Writing runtime sql for node "test.datasense_dbt.not_null_gold_daily_revenue_sale_date.ec2bdf8373"
[0m15:54:23.357179 [debug] [Thread-2 (]: Began executing node test.datasense_dbt.not_null_gold_daily_revenue_total_revenue.27540968f5
[0m15:54:23.362090 [debug] [Thread-2 (]: Writing runtime sql for node "test.datasense_dbt.not_null_gold_daily_revenue_total_revenue.27540968f5"
[0m15:54:23.363731 [debug] [Thread-3 (]: Using snowflake connection "test.datasense_dbt.not_null_gold_daily_revenue_sale_date.ec2bdf8373"
[0m15:54:23.365113 [debug] [Thread-3 (]: On test.datasense_dbt.not_null_gold_daily_revenue_sale_date.ec2bdf8373: select
      count(*) as failures,
      count(*) != 0 as should_warn,
      count(*) != 0 as should_error
    from (
      
    
  
    
    



select sale_date
from DATASENSE_DB.PUBLIC_PUBLIC_GOLD.gold_daily_revenue
where sale_date is null



  
  
      
    ) dbt_internal_test
/* {"app": "dbt", "dbt_version": "1.11.11", "profile_name": "datasense_dbt", "target_name": "dev", "node_id": "test.datasense_dbt.not_null_gold_daily_revenue_sale_date.ec2bdf8373"} */
[0m15:54:23.368464 [debug] [Thread-2 (]: Using snowflake connection "test.datasense_dbt.not_null_gold_daily_revenue_total_revenue.27540968f5"
[0m15:54:23.369474 [debug] [Thread-2 (]: On test.datasense_dbt.not_null_gold_daily_revenue_total_revenue.27540968f5: select
      count(*) as failures,
      count(*) != 0 as should_warn,
      count(*) != 0 as should_error
    from (
      
    
  
    
    



select total_revenue
from DATASENSE_DB.PUBLIC_PUBLIC_GOLD.gold_daily_revenue
where total_revenue is null



  
  
      
    ) dbt_internal_test
/* {"app": "dbt", "dbt_version": "1.11.11", "profile_name": "datasense_dbt", "target_name": "dev", "node_id": "test.datasense_dbt.not_null_gold_daily_revenue_total_revenue.27540968f5"} */
[0m15:54:23.503569 [debug] [Thread-4 (]: SQL status: SUCCESS 1 in 0.181 seconds
[0m15:54:23.507567 [info ] [Thread-4 (]: 14 of 25 PASS not_null_gold_customer_metrics_CustomerID ........................ [[32mPASS[0m in 0.34s]
[0m15:54:23.509568 [debug] [Thread-4 (]: Finished running node test.datasense_dbt.not_null_gold_customer_metrics_CustomerID.c3a1e1001c
[0m15:54:23.510565 [debug] [Thread-4 (]: Began running node test.datasense_dbt.not_null_gold_product_velocity_StockCode.685b2e697d
[0m15:54:23.510565 [info ] [Thread-4 (]: 18 of 25 START test not_null_gold_product_velocity_StockCode ................... [RUN]
[0m15:54:23.511564 [debug] [Thread-4 (]: Re-using an available connection from the pool (formerly test.datasense_dbt.not_null_gold_customer_metrics_CustomerID.c3a1e1001c, now test.datasense_dbt.not_null_gold_product_velocity_StockCode.685b2e697d)
[0m15:54:23.512567 [debug] [Thread-4 (]: Began compiling node test.datasense_dbt.not_null_gold_product_velocity_StockCode.685b2e697d
[0m15:54:23.517669 [debug] [Thread-4 (]: Writing injected SQL for node "test.datasense_dbt.not_null_gold_product_velocity_StockCode.685b2e697d"
[0m15:54:23.519569 [debug] [Thread-4 (]: Began executing node test.datasense_dbt.not_null_gold_product_velocity_StockCode.685b2e697d
[0m15:54:23.523667 [debug] [Thread-4 (]: Writing runtime sql for node "test.datasense_dbt.not_null_gold_product_velocity_StockCode.685b2e697d"
[0m15:54:23.524678 [debug] [Thread-4 (]: Using snowflake connection "test.datasense_dbt.not_null_gold_product_velocity_StockCode.685b2e697d"
[0m15:54:23.525606 [debug] [Thread-4 (]: On test.datasense_dbt.not_null_gold_product_velocity_StockCode.685b2e697d: select
      count(*) as failures,
      count(*) != 0 as should_warn,
      count(*) != 0 as should_error
    from (
      
    
  
    
    



select StockCode
from DATASENSE_DB.PUBLIC_PUBLIC_GOLD.gold_product_velocity
where StockCode is null



  
  
      
    ) dbt_internal_test
/* {"app": "dbt", "dbt_version": "1.11.11", "profile_name": "datasense_dbt", "target_name": "dev", "node_id": "test.datasense_dbt.not_null_gold_product_velocity_StockCode.685b2e697d"} */
[0m15:54:23.591062 [debug] [Thread-2 (]: SQL status: SUCCESS 1 in 0.222 seconds
[0m15:54:23.593064 [info ] [Thread-2 (]: 17 of 25 PASS not_null_gold_daily_revenue_total_revenue ........................ [[32mPASS[0m in 0.25s]
[0m15:54:23.593064 [debug] [Thread-2 (]: Finished running node test.datasense_dbt.not_null_gold_daily_revenue_total_revenue.27540968f5
[0m15:54:23.594064 [debug] [Thread-2 (]: Began running node test.datasense_dbt.not_null_gold_product_velocity_units_sold.c69e7d85d7
[0m15:54:23.594064 [info ] [Thread-2 (]: 19 of 25 START test not_null_gold_product_velocity_units_sold .................. [RUN]
[0m15:54:23.594064 [debug] [Thread-2 (]: Re-using an available connection from the pool (formerly test.datasense_dbt.not_null_gold_daily_revenue_total_revenue.27540968f5, now test.datasense_dbt.not_null_gold_product_velocity_units_sold.c69e7d85d7)
[0m15:54:23.595064 [debug] [Thread-2 (]: Began compiling node test.datasense_dbt.not_null_gold_product_velocity_units_sold.c69e7d85d7
[0m15:54:23.598615 [debug] [Thread-2 (]: Writing injected SQL for node "test.datasense_dbt.not_null_gold_product_velocity_units_sold.c69e7d85d7"
[0m15:54:23.600809 [debug] [Thread-2 (]: Began executing node test.datasense_dbt.not_null_gold_product_velocity_units_sold.c69e7d85d7
[0m15:54:23.603930 [debug] [Thread-2 (]: Writing runtime sql for node "test.datasense_dbt.not_null_gold_product_velocity_units_sold.c69e7d85d7"
[0m15:54:23.604925 [debug] [Thread-2 (]: Using snowflake connection "test.datasense_dbt.not_null_gold_product_velocity_units_sold.c69e7d85d7"
[0m15:54:23.604925 [debug] [Thread-2 (]: On test.datasense_dbt.not_null_gold_product_velocity_units_sold.c69e7d85d7: select
      count(*) as failures,
      count(*) != 0 as should_warn,
      count(*) != 0 as should_error
    from (
      
    
  
    
    



select units_sold
from DATASENSE_DB.PUBLIC_PUBLIC_GOLD.gold_product_velocity
where units_sold is null



  
  
      
    ) dbt_internal_test
/* {"app": "dbt", "dbt_version": "1.11.11", "profile_name": "datasense_dbt", "target_name": "dev", "node_id": "test.datasense_dbt.not_null_gold_product_velocity_units_sold.c69e7d85d7"} */
[0m15:54:23.645147 [debug] [Thread-5 (]: SQL status: SUCCESS 1 in 0.293 seconds
[0m15:54:23.650137 [info ] [Thread-5 (]: 15 of 25 PASS not_null_gold_customer_metrics_total_spend ....................... [[32mPASS[0m in 0.47s]
[0m15:54:23.651135 [debug] [Thread-5 (]: Finished running node test.datasense_dbt.not_null_gold_customer_metrics_total_spend.4bfdfd0c38
[0m15:54:23.652245 [debug] [Thread-5 (]: Began running node test.datasense_dbt.not_null_silver_retail_cleaned_CustomerID.7d2c64ce79
[0m15:54:23.653233 [info ] [Thread-5 (]: 20 of 25 START test not_null_silver_retail_cleaned_CustomerID .................. [RUN]
[0m15:54:23.654156 [debug] [Thread-5 (]: Re-using an available connection from the pool (formerly test.datasense_dbt.not_null_gold_customer_metrics_total_spend.4bfdfd0c38, now test.datasense_dbt.not_null_silver_retail_cleaned_CustomerID.7d2c64ce79)
[0m15:54:23.655239 [debug] [Thread-5 (]: Began compiling node test.datasense_dbt.not_null_silver_retail_cleaned_CustomerID.7d2c64ce79
[0m15:54:23.661133 [debug] [Thread-5 (]: Writing injected SQL for node "test.datasense_dbt.not_null_silver_retail_cleaned_CustomerID.7d2c64ce79"
[0m15:54:23.662449 [debug] [Thread-5 (]: Began executing node test.datasense_dbt.not_null_silver_retail_cleaned_CustomerID.7d2c64ce79
[0m15:54:23.667556 [debug] [Thread-5 (]: Writing runtime sql for node "test.datasense_dbt.not_null_silver_retail_cleaned_CustomerID.7d2c64ce79"
[0m15:54:23.669890 [debug] [Thread-5 (]: Using snowflake connection "test.datasense_dbt.not_null_silver_retail_cleaned_CustomerID.7d2c64ce79"
[0m15:54:23.669890 [debug] [Thread-5 (]: On test.datasense_dbt.not_null_silver_retail_cleaned_CustomerID.7d2c64ce79: select
      count(*) as failures,
      count(*) != 0 as should_warn,
      count(*) != 0 as should_error
    from (
      
    
  
    
    



select CustomerID
from DATASENSE_DB.PUBLIC_PUBLIC_SILVER.silver_retail_cleaned
where CustomerID is null



  
  
      
    ) dbt_internal_test
/* {"app": "dbt", "dbt_version": "1.11.11", "profile_name": "datasense_dbt", "target_name": "dev", "node_id": "test.datasense_dbt.not_null_silver_retail_cleaned_CustomerID.7d2c64ce79"} */
[0m15:54:23.678625 [debug] [Thread-4 (]: SQL status: SUCCESS 1 in 0.153 seconds
[0m15:54:23.680626 [info ] [Thread-4 (]: 18 of 25 PASS not_null_gold_product_velocity_StockCode ......................... [[32mPASS[0m in 0.17s]
[0m15:54:23.681157 [debug] [Thread-4 (]: Finished running node test.datasense_dbt.not_null_gold_product_velocity_StockCode.685b2e697d
[0m15:54:23.682289 [debug] [Thread-4 (]: Began running node test.datasense_dbt.not_null_silver_retail_cleaned_InvoiceDate.3faa240dd4
[0m15:54:23.682289 [info ] [Thread-4 (]: 21 of 25 START test not_null_silver_retail_cleaned_InvoiceDate ................. [RUN]
[0m15:54:23.683289 [debug] [Thread-4 (]: Re-using an available connection from the pool (formerly test.datasense_dbt.not_null_gold_product_velocity_StockCode.685b2e697d, now test.datasense_dbt.not_null_silver_retail_cleaned_InvoiceDate.3faa240dd4)
[0m15:54:23.683289 [debug] [Thread-4 (]: Began compiling node test.datasense_dbt.not_null_silver_retail_cleaned_InvoiceDate.3faa240dd4
[0m15:54:23.687388 [debug] [Thread-4 (]: Writing injected SQL for node "test.datasense_dbt.not_null_silver_retail_cleaned_InvoiceDate.3faa240dd4"
[0m15:54:23.688288 [debug] [Thread-4 (]: Began executing node test.datasense_dbt.not_null_silver_retail_cleaned_InvoiceDate.3faa240dd4
[0m15:54:23.691572 [debug] [Thread-4 (]: Writing runtime sql for node "test.datasense_dbt.not_null_silver_retail_cleaned_InvoiceDate.3faa240dd4"
[0m15:54:23.692864 [debug] [Thread-4 (]: Using snowflake connection "test.datasense_dbt.not_null_silver_retail_cleaned_InvoiceDate.3faa240dd4"
[0m15:54:23.693871 [debug] [Thread-4 (]: On test.datasense_dbt.not_null_silver_retail_cleaned_InvoiceDate.3faa240dd4: select
      count(*) as failures,
      count(*) != 0 as should_warn,
      count(*) != 0 as should_error
    from (
      
    
  
    
    



select InvoiceDate
from DATASENSE_DB.PUBLIC_PUBLIC_SILVER.silver_retail_cleaned
where InvoiceDate is null



  
  
      
    ) dbt_internal_test
/* {"app": "dbt", "dbt_version": "1.11.11", "profile_name": "datasense_dbt", "target_name": "dev", "node_id": "test.datasense_dbt.not_null_silver_retail_cleaned_InvoiceDate.3faa240dd4"} */
[0m15:54:23.710435 [debug] [Thread-3 (]: SQL status: SUCCESS 1 in 0.345 seconds
[0m15:54:23.712887 [info ] [Thread-3 (]: 16 of 25 PASS not_null_gold_daily_revenue_sale_date ............................ [[32mPASS[0m in 0.39s]
[0m15:54:23.714888 [debug] [Thread-3 (]: Finished running node test.datasense_dbt.not_null_gold_daily_revenue_sale_date.ec2bdf8373
[0m15:54:23.714888 [debug] [Thread-3 (]: Began running node test.datasense_dbt.not_null_silver_retail_cleaned_IsWeekend.0406bb8b14
[0m15:54:23.715891 [info ] [Thread-3 (]: 22 of 25 START test not_null_silver_retail_cleaned_IsWeekend ................... [RUN]
[0m15:54:23.716886 [debug] [Thread-3 (]: Re-using an available connection from the pool (formerly test.datasense_dbt.not_null_gold_daily_revenue_sale_date.ec2bdf8373, now test.datasense_dbt.not_null_silver_retail_cleaned_IsWeekend.0406bb8b14)
[0m15:54:23.716886 [debug] [Thread-3 (]: Began compiling node test.datasense_dbt.not_null_silver_retail_cleaned_IsWeekend.0406bb8b14
[0m15:54:23.720887 [debug] [Thread-3 (]: Writing injected SQL for node "test.datasense_dbt.not_null_silver_retail_cleaned_IsWeekend.0406bb8b14"
[0m15:54:23.721886 [debug] [Thread-3 (]: Began executing node test.datasense_dbt.not_null_silver_retail_cleaned_IsWeekend.0406bb8b14
[0m15:54:23.724255 [debug] [Thread-3 (]: Writing runtime sql for node "test.datasense_dbt.not_null_silver_retail_cleaned_IsWeekend.0406bb8b14"
[0m15:54:23.726128 [debug] [Thread-3 (]: Using snowflake connection "test.datasense_dbt.not_null_silver_retail_cleaned_IsWeekend.0406bb8b14"
[0m15:54:23.726128 [debug] [Thread-3 (]: On test.datasense_dbt.not_null_silver_retail_cleaned_IsWeekend.0406bb8b14: select
      count(*) as failures,
      count(*) != 0 as should_warn,
      count(*) != 0 as should_error
    from (
      
    
  
    
    



select IsWeekend
from DATASENSE_DB.PUBLIC_PUBLIC_SILVER.silver_retail_cleaned
where IsWeekend is null



  
  
      
    ) dbt_internal_test
/* {"app": "dbt", "dbt_version": "1.11.11", "profile_name": "datasense_dbt", "target_name": "dev", "node_id": "test.datasense_dbt.not_null_silver_retail_cleaned_IsWeekend.0406bb8b14"} */
[0m15:54:23.839790 [debug] [Thread-3 (]: SQL status: SUCCESS 1 in 0.113 seconds
[0m15:54:23.843789 [info ] [Thread-3 (]: 22 of 25 PASS not_null_silver_retail_cleaned_IsWeekend ......................... [[32mPASS[0m in 0.13s]
[0m15:54:23.844786 [debug] [Thread-3 (]: Finished running node test.datasense_dbt.not_null_silver_retail_cleaned_IsWeekend.0406bb8b14
[0m15:54:23.845881 [debug] [Thread-3 (]: Began running node test.datasense_dbt.not_null_silver_retail_cleaned_StockCode.1e229e5557
[0m15:54:23.845881 [info ] [Thread-3 (]: 23 of 25 START test not_null_silver_retail_cleaned_StockCode ................... [RUN]
[0m15:54:23.846832 [debug] [Thread-3 (]: Re-using an available connection from the pool (formerly test.datasense_dbt.not_null_silver_retail_cleaned_IsWeekend.0406bb8b14, now test.datasense_dbt.not_null_silver_retail_cleaned_StockCode.1e229e5557)
[0m15:54:23.847795 [debug] [Thread-3 (]: Began compiling node test.datasense_dbt.not_null_silver_retail_cleaned_StockCode.1e229e5557
[0m15:54:23.854096 [debug] [Thread-3 (]: Writing injected SQL for node "test.datasense_dbt.not_null_silver_retail_cleaned_StockCode.1e229e5557"
[0m15:54:23.856525 [debug] [Thread-3 (]: Began executing node test.datasense_dbt.not_null_silver_retail_cleaned_StockCode.1e229e5557
[0m15:54:23.860557 [debug] [Thread-3 (]: Writing runtime sql for node "test.datasense_dbt.not_null_silver_retail_cleaned_StockCode.1e229e5557"
[0m15:54:23.862554 [debug] [Thread-3 (]: Using snowflake connection "test.datasense_dbt.not_null_silver_retail_cleaned_StockCode.1e229e5557"
[0m15:54:23.862554 [debug] [Thread-3 (]: On test.datasense_dbt.not_null_silver_retail_cleaned_StockCode.1e229e5557: select
      count(*) as failures,
      count(*) != 0 as should_warn,
      count(*) != 0 as should_error
    from (
      
    
  
    
    



select StockCode
from DATASENSE_DB.PUBLIC_PUBLIC_SILVER.silver_retail_cleaned
where StockCode is null



  
  
      
    ) dbt_internal_test
/* {"app": "dbt", "dbt_version": "1.11.11", "profile_name": "datasense_dbt", "target_name": "dev", "node_id": "test.datasense_dbt.not_null_silver_retail_cleaned_StockCode.1e229e5557"} */
[0m15:54:23.884932 [debug] [Thread-2 (]: SQL status: SUCCESS 1 in 0.278 seconds
[0m15:54:23.888192 [info ] [Thread-2 (]: 19 of 25 PASS not_null_gold_product_velocity_units_sold ........................ [[32mPASS[0m in 0.29s]
[0m15:54:23.889097 [debug] [Thread-2 (]: Finished running node test.datasense_dbt.not_null_gold_product_velocity_units_sold.c69e7d85d7
[0m15:54:23.889097 [debug] [Thread-2 (]: Began running node test.datasense_dbt.not_null_silver_retail_cleaned_TotalRevenue.2f6aa7e095
[0m15:54:23.890095 [info ] [Thread-2 (]: 24 of 25 START test not_null_silver_retail_cleaned_TotalRevenue ................ [RUN]
[0m15:54:23.890095 [debug] [Thread-2 (]: Re-using an available connection from the pool (formerly test.datasense_dbt.not_null_gold_product_velocity_units_sold.c69e7d85d7, now test.datasense_dbt.not_null_silver_retail_cleaned_TotalRevenue.2f6aa7e095)
[0m15:54:23.890095 [debug] [Thread-2 (]: Began compiling node test.datasense_dbt.not_null_silver_retail_cleaned_TotalRevenue.2f6aa7e095
[0m15:54:23.895095 [debug] [Thread-2 (]: Writing injected SQL for node "test.datasense_dbt.not_null_silver_retail_cleaned_TotalRevenue.2f6aa7e095"
[0m15:54:23.896599 [debug] [Thread-2 (]: Began executing node test.datasense_dbt.not_null_silver_retail_cleaned_TotalRevenue.2f6aa7e095
[0m15:54:23.900605 [debug] [Thread-2 (]: Writing runtime sql for node "test.datasense_dbt.not_null_silver_retail_cleaned_TotalRevenue.2f6aa7e095"
[0m15:54:23.901673 [debug] [Thread-4 (]: SQL status: SUCCESS 1 in 0.207 seconds
[0m15:54:23.902670 [info ] [Thread-4 (]: 21 of 25 PASS not_null_silver_retail_cleaned_InvoiceDate ....................... [[32mPASS[0m in 0.22s]
[0m15:54:23.903720 [debug] [Thread-4 (]: Finished running node test.datasense_dbt.not_null_silver_retail_cleaned_InvoiceDate.3faa240dd4
[0m15:54:23.904605 [debug] [Thread-4 (]: Began running node test.datasense_dbt.not_null_silver_retail_cleaned_is_guest_purchase.16a50943f5
[0m15:54:23.904605 [info ] [Thread-4 (]: 25 of 25 START test not_null_silver_retail_cleaned_is_guest_purchase ........... [RUN]
[0m15:54:23.905605 [debug] [Thread-4 (]: Re-using an available connection from the pool (formerly test.datasense_dbt.not_null_silver_retail_cleaned_InvoiceDate.3faa240dd4, now test.datasense_dbt.not_null_silver_retail_cleaned_is_guest_purchase.16a50943f5)
[0m15:54:23.905605 [debug] [Thread-4 (]: Began compiling node test.datasense_dbt.not_null_silver_retail_cleaned_is_guest_purchase.16a50943f5
[0m15:54:23.909718 [debug] [Thread-4 (]: Writing injected SQL for node "test.datasense_dbt.not_null_silver_retail_cleaned_is_guest_purchase.16a50943f5"
[0m15:54:23.910605 [debug] [Thread-2 (]: Using snowflake connection "test.datasense_dbt.not_null_silver_retail_cleaned_TotalRevenue.2f6aa7e095"
[0m15:54:23.910605 [debug] [Thread-2 (]: On test.datasense_dbt.not_null_silver_retail_cleaned_TotalRevenue.2f6aa7e095: select
      count(*) as failures,
      count(*) != 0 as should_warn,
      count(*) != 0 as should_error
    from (
      
    
  
    
    



select TotalRevenue
from DATASENSE_DB.PUBLIC_PUBLIC_SILVER.silver_retail_cleaned
where TotalRevenue is null



  
  
      
    ) dbt_internal_test
/* {"app": "dbt", "dbt_version": "1.11.11", "profile_name": "datasense_dbt", "target_name": "dev", "node_id": "test.datasense_dbt.not_null_silver_retail_cleaned_TotalRevenue.2f6aa7e095"} */
[0m15:54:23.912604 [debug] [Thread-4 (]: Began executing node test.datasense_dbt.not_null_silver_retail_cleaned_is_guest_purchase.16a50943f5
[0m15:54:23.915605 [debug] [Thread-4 (]: Writing runtime sql for node "test.datasense_dbt.not_null_silver_retail_cleaned_is_guest_purchase.16a50943f5"
[0m15:54:23.918644 [debug] [Thread-4 (]: Using snowflake connection "test.datasense_dbt.not_null_silver_retail_cleaned_is_guest_purchase.16a50943f5"
[0m15:54:23.919605 [debug] [Thread-4 (]: On test.datasense_dbt.not_null_silver_retail_cleaned_is_guest_purchase.16a50943f5: select
      count(*) as failures,
      count(*) != 0 as should_warn,
      count(*) != 0 as should_error
    from (
      
    
  
    
    



select is_guest_purchase
from DATASENSE_DB.PUBLIC_PUBLIC_SILVER.silver_retail_cleaned
where is_guest_purchase is null



  
  
      
    ) dbt_internal_test
/* {"app": "dbt", "dbt_version": "1.11.11", "profile_name": "datasense_dbt", "target_name": "dev", "node_id": "test.datasense_dbt.not_null_silver_retail_cleaned_is_guest_purchase.16a50943f5"} */
[0m15:54:23.947887 [debug] [Thread-5 (]: SQL status: SUCCESS 1 in 0.278 seconds
[0m15:54:23.951519 [info ] [Thread-5 (]: 20 of 25 PASS not_null_silver_retail_cleaned_CustomerID ........................ [[32mPASS[0m in 0.30s]
[0m15:54:23.952568 [debug] [Thread-5 (]: Finished running node test.datasense_dbt.not_null_silver_retail_cleaned_CustomerID.7d2c64ce79
[0m15:54:24.085100 [debug] [Thread-3 (]: SQL status: SUCCESS 1 in 0.221 seconds
[0m15:54:24.088642 [info ] [Thread-3 (]: 23 of 25 PASS not_null_silver_retail_cleaned_StockCode ......................... [[32mPASS[0m in 0.24s]
[0m15:54:24.090627 [debug] [Thread-3 (]: Finished running node test.datasense_dbt.not_null_silver_retail_cleaned_StockCode.1e229e5557
[0m15:54:24.092632 [debug] [Thread-2 (]: SQL status: SUCCESS 1 in 0.182 seconds
[0m15:54:24.095693 [info ] [Thread-2 (]: 24 of 25 PASS not_null_silver_retail_cleaned_TotalRevenue ...................... [[32mPASS[0m in 0.21s]
[0m15:54:24.096698 [debug] [Thread-2 (]: Finished running node test.datasense_dbt.not_null_silver_retail_cleaned_TotalRevenue.2f6aa7e095
[0m15:54:24.104643 [debug] [Thread-4 (]: SQL status: SUCCESS 1 in 0.185 seconds
[0m15:54:24.106815 [info ] [Thread-4 (]: 25 of 25 PASS not_null_silver_retail_cleaned_is_guest_purchase ................. [[32mPASS[0m in 0.20s]
[0m15:54:24.107740 [debug] [Thread-4 (]: Finished running node test.datasense_dbt.not_null_silver_retail_cleaned_is_guest_purchase.16a50943f5
[0m15:54:24.108710 [debug] [MainThread]: Connection 'master' was properly closed.
[0m15:54:24.108710 [debug] [MainThread]: Connection 'list_DATASENSE_DB_PUBLIC_PUBLIC_SILVER' was left open.
[0m15:54:24.108710 [debug] [MainThread]: On list_DATASENSE_DB_PUBLIC_PUBLIC_SILVER: Close
[0m15:54:24.277130 [debug] [MainThread]: Connection 'list_DATASENSE_DB_PUBLIC_PUBLIC_BRONZE' was left open.
[0m15:54:24.278133 [debug] [MainThread]: On list_DATASENSE_DB_PUBLIC_PUBLIC_BRONZE: Close
[0m15:54:24.428429 [debug] [MainThread]: Connection 'list_DATASENSE_DB_PUBLIC_PUBLIC_GOLD' was left open.
[0m15:54:24.429428 [debug] [MainThread]: On list_DATASENSE_DB_PUBLIC_PUBLIC_GOLD: Close
[0m15:54:24.572869 [debug] [MainThread]: Connection 'test.datasense_dbt.not_null_silver_retail_cleaned_TotalRevenue.2f6aa7e095' was left open.
[0m15:54:24.572869 [debug] [MainThread]: On test.datasense_dbt.not_null_silver_retail_cleaned_TotalRevenue.2f6aa7e095: Close
[0m15:54:24.720487 [debug] [MainThread]: Connection 'test.datasense_dbt.not_null_silver_retail_cleaned_StockCode.1e229e5557' was left open.
[0m15:54:24.721485 [debug] [MainThread]: On test.datasense_dbt.not_null_silver_retail_cleaned_StockCode.1e229e5557: Close
[0m15:54:24.874229 [debug] [MainThread]: Connection 'test.datasense_dbt.not_null_silver_retail_cleaned_is_guest_purchase.16a50943f5' was left open.
[0m15:54:24.875234 [debug] [MainThread]: On test.datasense_dbt.not_null_silver_retail_cleaned_is_guest_purchase.16a50943f5: Close
[0m15:54:25.029732 [debug] [MainThread]: Connection 'test.datasense_dbt.not_null_silver_retail_cleaned_CustomerID.7d2c64ce79' was left open.
[0m15:54:25.031211 [debug] [MainThread]: On test.datasense_dbt.not_null_silver_retail_cleaned_CustomerID.7d2c64ce79: Close
[0m15:54:25.178679 [info ] [MainThread]: 
[0m15:54:25.179680 [info ] [MainThread]: Finished running 25 data tests in 0 hours 0 minutes and 5.17 seconds (5.17s).
[0m15:54:25.186533 [debug] [MainThread]: Command end result
[0m15:54:25.226219 [debug] [MainThread]: Wrote artifact WritableManifest to C:\Users\anany\Projects\DataSense\dbt_project\target\manifest.json
[0m15:54:25.228200 [debug] [MainThread]: Wrote artifact SemanticManifest to C:\Users\anany\Projects\DataSense\dbt_project\target\semantic_manifest.json
[0m15:54:25.235114 [debug] [MainThread]: Wrote artifact RunExecutionResult to C:\Users\anany\Projects\DataSense\dbt_project\target\run_results.json
[0m15:54:25.235114 [info ] [MainThread]: 
[0m15:54:25.236154 [info ] [MainThread]: [32mCompleted successfully[0m
[0m15:54:25.236154 [info ] [MainThread]: 
[0m15:54:25.236154 [info ] [MainThread]: Done. PASS=25 WARN=0 ERROR=0 SKIP=0 NO-OP=0 TOTAL=25
[0m15:54:25.237113 [debug] [MainThread]: Command `dbt test` succeeded at 15:54:25.237113 after 6.95 seconds
[0m15:54:25.237113 [debug] [MainThread]: Sending event: {'category': 'dbt', 'action': 'invocation', 'label': 'end', 'context': [<snowplow_tracker.self_describing_json.SelfDescribingJson object at 0x000001D6310F1AE0>, <snowplow_tracker.self_describing_json.SelfDescribingJson object at 0x000001D6311F21A0>, <snowplow_tracker.self_describing_json.SelfDescribingJson object at 0x000001D64B3F9900>]}
[0m15:54:25.238141 [debug] [MainThread]: Flushing usage events
[0m15:54:25.463583 [debug] [MainThread]: An error was encountered while trying to flush usage events
[0m15:57:00.957063 [debug] [MainThread]: Sending event: {'category': 'dbt', 'action': 'invocation', 'label': 'start', 'context': [<snowplow_tracker.self_describing_json.SelfDescribingJson object at 0x0000026EC9BEA0B0>, <snowplow_tracker.self_describing_json.SelfDescribingJson object at 0x0000026EC9C829E0>, <snowplow_tracker.self_describing_json.SelfDescribingJson object at 0x0000026ECAC9A590>]}


============================== 15:57:00.960003 | 08bd7181-578a-4497-ba63-bfe243206208 ==============================
[0m15:57:00.960003 [info ] [MainThread]: Running with dbt=1.11.11
[0m15:57:00.961623 [debug] [MainThread]: running dbt with arguments {'partial_parse': 'True', 'static_parser': 'True', 'send_anonymous_usage_stats': 'True', 'version_check': 'True', 'cache_selected_only': 'False', 'target_path': 'None', 'use_colors': 'True', 'invocation_command': 'dbt deps', 'log_format': 'default', 'warn_error': 'None', 'introspect': 'True', 'debug': 'False', 'log_cache_events': 'False', 'fail_fast': 'False', 'no_print': 'None', 'use_experimental_parser': 'False', 'empty': 'None', 'quiet': 'False', 'printer_width': '80', 'indirect_selection': 'eager', 'log_path': 'C:\\Users\\anany\\Projects\\DataSense\\dbt_project\\logs', 'profiles_dir': 'C:\\Users\\anany\\Projects\\DataSense\\dbt_project', 'warn_error_options': 'WarnErrorOptionsV2(error=[], warn=[], silence=[])', 'write_json': 'True'}
[0m15:57:01.181626 [debug] [MainThread]: Sending event: {'category': 'dbt', 'action': 'project_id', 'label': '08bd7181-578a-4497-ba63-bfe243206208', 'context': [<snowplow_tracker.self_describing_json.SelfDescribingJson object at 0x0000026EC9C52740>]}
[0m15:57:01.285979 [debug] [MainThread]: Set downloads directory='C:\Users\anany\AppData\Local\Temp\dbt-downloads-cjamwok_'
[0m15:57:01.285979 [debug] [MainThread]: Making package index registry request: GET https://hub.getdbt.com/api/v1/index.json
[0m15:57:01.439195 [debug] [MainThread]: Response from registry index: GET https://hub.getdbt.com/api/v1/index.json 200
[0m15:57:01.440196 [debug] [MainThread]: Making package registry request: GET https://hub.getdbt.com/api/v1/dbt-labs/dbt_utils.json
[0m15:57:01.530892 [debug] [MainThread]: Response from registry: GET https://hub.getdbt.com/api/v1/dbt-labs/dbt_utils.json 200
[0m15:57:01.540810 [info ] [MainThread]: Installing dbt-labs/dbt_utils
[0m15:57:02.339990 [info ] [MainThread]: Installed from version 1.3.3
[0m15:57:02.339990 [info ] [MainThread]: Up to date!
[0m15:57:02.340990 [debug] [MainThread]: Sending event: {'category': 'dbt', 'action': 'package', 'label': '08bd7181-578a-4497-ba63-bfe243206208', 'property_': 'install', 'context': [<snowplow_tracker.self_describing_json.SelfDescribingJson object at 0x0000026EC9C53010>, <snowplow_tracker.self_describing_json.SelfDescribingJson object at 0x0000026ECBF2FB20>]}
[0m15:57:02.342005 [debug] [MainThread]: Command `dbt deps` succeeded at 15:57:02.342005 after 1.48 seconds
[0m15:57:02.342005 [debug] [MainThread]: Sending event: {'category': 'dbt', 'action': 'invocation', 'label': 'end', 'context': [<snowplow_tracker.self_describing_json.SelfDescribingJson object at 0x0000026EC9BEA0B0>, <snowplow_tracker.self_describing_json.SelfDescribingJson object at 0x0000026EC9C2C520>, <snowplow_tracker.self_describing_json.SelfDescribingJson object at 0x0000026EC9D16200>]}
[0m15:57:02.343008 [debug] [MainThread]: Flushing usage events
[0m15:57:02.567993 [debug] [MainThread]: An error was encountered while trying to flush usage events
[0m15:57:05.635190 [debug] [MainThread]: Sending event: {'category': 'dbt', 'action': 'invocation', 'label': 'start', 'context': [<snowplow_tracker.self_describing_json.SelfDescribingJson object at 0x0000015C2E39A170>, <snowplow_tracker.self_describing_json.SelfDescribingJson object at 0x0000015C2F414A00>, <snowplow_tracker.self_describing_json.SelfDescribingJson object at 0x0000015C2F4144C0>]}


============================== 15:57:05.639211 | 17d7ab0f-6a59-4936-b1a6-a14ba6a22c40 ==============================
[0m15:57:05.639211 [info ] [MainThread]: Running with dbt=1.11.11
[0m15:57:05.639211 [debug] [MainThread]: running dbt with arguments {'partial_parse': 'True', 'profiles_dir': 'C:\\Users\\anany\\Projects\\DataSense\\dbt_project', 'send_anonymous_usage_stats': 'True', 'warn_error': 'None', 'cache_selected_only': 'False', 'target_path': 'None', 'version_check': 'True', 'invocation_command': 'dbt run', 'log_format': 'default', 'use_colors': 'True', 'introspect': 'True', 'debug': 'False', 'printer_width': '80', 'fail_fast': 'False', 'no_print': 'None', 'use_experimental_parser': 'False', 'quiet': 'False', 'empty': 'False', 'log_cache_events': 'False', 'indirect_selection': 'eager', 'log_path': 'C:\\Users\\anany\\Projects\\DataSense\\dbt_project\\logs', 'write_json': 'True', 'static_parser': 'True', 'warn_error_options': 'WarnErrorOptionsV2(error=[], warn=[], silence=[])'}
[0m15:57:06.392834 [debug] [MainThread]: Snowflake adapter: Setting snowflake.connector to ERROR (file logging only)
[0m15:57:06.392834 [debug] [MainThread]: Snowflake adapter: Setting botocore to ERROR (file logging only)
[0m15:57:06.393834 [debug] [MainThread]: Snowflake adapter: Setting boto3 to ERROR (file logging only)
[0m15:57:06.628197 [debug] [MainThread]: Sending event: {'category': 'dbt', 'action': 'project_id', 'label': '17d7ab0f-6a59-4936-b1a6-a14ba6a22c40', 'context': [<snowplow_tracker.self_describing_json.SelfDescribingJson object at 0x0000015C4864DF60>]}
[0m15:57:06.694766 [debug] [MainThread]: Sending event: {'category': 'dbt', 'action': 'adapter_info', 'label': '17d7ab0f-6a59-4936-b1a6-a14ba6a22c40', 'context': [<snowplow_tracker.self_describing_json.SelfDescribingJson object at 0x0000015C2ED76050>]}
[0m15:57:06.696443 [info ] [MainThread]: Registered adapter: snowflake=1.11.5
[0m15:57:06.940042 [debug] [MainThread]: checksum: 30a8cc8fdcbf66701b0944d4ccce3fa46dd04b61e5df68b9f16d57b2e0e3f0be, vars: {}, profile: , target: , version: 1.11.11
[0m15:57:07.115914 [debug] [MainThread]: Partial parsing enabled: 0 files deleted, 0 files added, 0 files changed.
[0m15:57:07.115914 [debug] [MainThread]: Nothing changed, skipping partial parsing.
[0m15:57:07.117923 [debug] [MainThread]: Partial parsing enabled, no changes found, skipping parsing
[0m15:57:07.173069 [debug] [MainThread]: Sending event: {'category': 'dbt', 'action': 'load_project', 'label': '17d7ab0f-6a59-4936-b1a6-a14ba6a22c40', 'context': [<snowplow_tracker.self_describing_json.SelfDescribingJson object at 0x0000015C49D54130>]}
[0m15:57:07.278288 [debug] [MainThread]: Wrote artifact WritableManifest to C:\Users\anany\Projects\DataSense\dbt_project\target\manifest.json
[0m15:57:07.280429 [debug] [MainThread]: Wrote artifact SemanticManifest to C:\Users\anany\Projects\DataSense\dbt_project\target\semantic_manifest.json
[0m15:57:07.291035 [debug] [MainThread]: Sending event: {'category': 'dbt', 'action': 'resource_counts', 'label': '17d7ab0f-6a59-4936-b1a6-a14ba6a22c40', 'context': [<snowplow_tracker.self_describing_json.SelfDescribingJson object at 0x0000015C49D9C070>]}
[0m15:57:07.291995 [info ] [MainThread]: Found 6 models, 25 data tests, 1 source, 652 macros
[0m15:57:07.291995 [debug] [MainThread]: Sending event: {'category': 'dbt', 'action': 'runnable_timing', 'label': '17d7ab0f-6a59-4936-b1a6-a14ba6a22c40', 'context': [<snowplow_tracker.self_describing_json.SelfDescribingJson object at 0x0000015C2E4A2920>]}
[0m15:57:07.294019 [info ] [MainThread]: 
[0m15:57:07.294019 [info ] [MainThread]: Concurrency: 4 threads (target='dev')
[0m15:57:07.294853 [info ] [MainThread]: 
[0m15:57:07.294853 [debug] [MainThread]: Acquiring new snowflake connection 'master'
[0m15:57:07.299910 [debug] [ThreadPool]: Acquiring new snowflake connection 'list_DATASENSE_DB'
[0m15:57:07.308643 [debug] [ThreadPool]: Acquiring new snowflake connection 'list_DATASENSE_DB'
[0m15:57:07.318229 [debug] [ThreadPool]: Acquiring new snowflake connection 'list_DATASENSE_DB'
[0m15:57:07.359378 [debug] [ThreadPool]: Using snowflake connection "list_DATASENSE_DB"
[0m15:57:07.359378 [debug] [ThreadPool]: Using snowflake connection "list_DATASENSE_DB"
[0m15:57:07.360507 [debug] [ThreadPool]: On list_DATASENSE_DB: show terse schemas in database DATASENSE_DB
    limit 10000
/* {"app": "dbt", "dbt_version": "1.11.11", "profile_name": "datasense_dbt", "target_name": "dev", "connection_name": "list_DATASENSE_DB"} */
[0m15:57:07.360507 [debug] [ThreadPool]: Using snowflake connection "list_DATASENSE_DB"
[0m15:57:07.361386 [debug] [ThreadPool]: On list_DATASENSE_DB: show terse schemas in database DATASENSE_DB
    limit 10000
/* {"app": "dbt", "dbt_version": "1.11.11", "profile_name": "datasense_dbt", "target_name": "dev", "connection_name": "list_DATASENSE_DB"} */
[0m15:57:07.361698 [debug] [ThreadPool]: Opening a new connection, currently in state init
[0m15:57:07.361698 [debug] [ThreadPool]: On list_DATASENSE_DB: show terse schemas in database DATASENSE_DB
    limit 10000
/* {"app": "dbt", "dbt_version": "1.11.11", "profile_name": "datasense_dbt", "target_name": "dev", "connection_name": "list_DATASENSE_DB"} */
[0m15:57:07.361698 [debug] [ThreadPool]: Opening a new connection, currently in state init
[0m15:57:07.362714 [debug] [ThreadPool]: Opening a new connection, currently in state init
[0m15:57:08.362040 [debug] [ThreadPool]: SQL status: SUCCESS 9 in 1.001 seconds
[0m15:57:08.423777 [debug] [ThreadPool]: SQL status: SUCCESS 9 in 1.062 seconds
[0m15:57:08.854345 [debug] [ThreadPool]: SQL status: SUCCESS 9 in 1.491 seconds
[0m15:57:08.861667 [debug] [ThreadPool]: Acquiring new snowflake connection 'list_DATASENSE_DB_PUBLIC_PUBLIC_GOLD'
[0m15:57:08.875753 [debug] [ThreadPool]: Using snowflake connection "list_DATASENSE_DB_PUBLIC_PUBLIC_GOLD"
[0m15:57:08.875753 [debug] [ThreadPool]: Acquiring new snowflake connection 'list_DATASENSE_DB_PUBLIC_PUBLIC_SILVER'
[0m15:57:08.876752 [debug] [ThreadPool]: On list_DATASENSE_DB_PUBLIC_PUBLIC_GOLD: show objects in DATASENSE_DB.PUBLIC_PUBLIC_GOLD
    limit 10000
    

/* {"app": "dbt", "dbt_version": "1.11.11", "profile_name": "datasense_dbt", "target_name": "dev", "connection_name": "list_DATASENSE_DB_PUBLIC_PUBLIC_GOLD"} */;
[0m15:57:08.878093 [debug] [ThreadPool]: Acquiring new snowflake connection 'list_DATASENSE_DB_PUBLIC_PUBLIC_BRONZE'
[0m15:57:08.880550 [debug] [ThreadPool]: Using snowflake connection "list_DATASENSE_DB_PUBLIC_PUBLIC_SILVER"
[0m15:57:08.881545 [debug] [ThreadPool]: Opening a new connection, currently in state init
[0m15:57:08.885547 [debug] [ThreadPool]: Using snowflake connection "list_DATASENSE_DB_PUBLIC_PUBLIC_BRONZE"
[0m15:57:08.885547 [debug] [ThreadPool]: On list_DATASENSE_DB_PUBLIC_PUBLIC_SILVER: show objects in DATASENSE_DB.PUBLIC_PUBLIC_SILVER
    limit 10000
    

/* {"app": "dbt", "dbt_version": "1.11.11", "profile_name": "datasense_dbt", "target_name": "dev", "connection_name": "list_DATASENSE_DB_PUBLIC_PUBLIC_SILVER"} */;
[0m15:57:08.886547 [debug] [ThreadPool]: On list_DATASENSE_DB_PUBLIC_PUBLIC_BRONZE: show objects in DATASENSE_DB.PUBLIC_PUBLIC_BRONZE
    limit 10000
    

/* {"app": "dbt", "dbt_version": "1.11.11", "profile_name": "datasense_dbt", "target_name": "dev", "connection_name": "list_DATASENSE_DB_PUBLIC_PUBLIC_BRONZE"} */;
[0m15:57:08.887548 [debug] [ThreadPool]: Opening a new connection, currently in state init
[0m15:57:08.887548 [debug] [ThreadPool]: Opening a new connection, currently in state init
[0m15:57:09.447130 [debug] [ThreadPool]: SQL status: SUCCESS 1 in 0.559 seconds
[0m15:57:09.704774 [debug] [ThreadPool]: SQL status: SUCCESS 1 in 0.817 seconds
[0m15:57:09.710869 [debug] [ThreadPool]: SQL status: SUCCESS 4 in 0.830 seconds
[0m15:57:09.716019 [debug] [MainThread]: Sending event: {'category': 'dbt', 'action': 'runnable_timing', 'label': '17d7ab0f-6a59-4936-b1a6-a14ba6a22c40', 'context': [<snowplow_tracker.self_describing_json.SelfDescribingJson object at 0x0000015C49EA5CC0>]}
[0m15:57:09.721109 [debug] [Thread-2 (]: Began running node model.datasense_dbt.bronze_retail_raw
[0m15:57:09.721109 [info ] [Thread-2 (]: 1 of 6 START sql view model PUBLIC_PUBLIC_BRONZE.bronze_retail_raw ............. [RUN]
[0m15:57:09.722108 [debug] [Thread-2 (]: Acquiring new snowflake connection 'model.datasense_dbt.bronze_retail_raw'
[0m15:57:09.722108 [debug] [Thread-2 (]: Began compiling node model.datasense_dbt.bronze_retail_raw
[0m15:57:09.728151 [debug] [Thread-2 (]: Writing injected SQL for node "model.datasense_dbt.bronze_retail_raw"
[0m15:57:09.729909 [debug] [Thread-2 (]: Began executing node model.datasense_dbt.bronze_retail_raw
[0m15:57:09.751893 [debug] [Thread-2 (]: Writing runtime sql for node "model.datasense_dbt.bronze_retail_raw"
[0m15:57:09.753898 [debug] [Thread-2 (]: Using snowflake connection "model.datasense_dbt.bronze_retail_raw"
[0m15:57:09.753898 [debug] [Thread-2 (]: On model.datasense_dbt.bronze_retail_raw: create or replace   view DATASENSE_DB.PUBLIC_PUBLIC_BRONZE.bronze_retail_raw
  
  
  
  
  as (
    SELECT
    InvoiceNo,
    StockCode,
    Description,
    Quantity,
    InvoiceDate,
    UnitPrice,
    CustomerID,
    Country,
    CURRENT_TIMESTAMP() AS _loaded_at
FROM DATASENSE_DB.RAW.ONLINE_RETAIL_II
  )
/* {"app": "dbt", "dbt_version": "1.11.11", "profile_name": "datasense_dbt", "target_name": "dev", "node_id": "model.datasense_dbt.bronze_retail_raw"} */;
[0m15:57:09.753898 [debug] [Thread-2 (]: Opening a new connection, currently in state init
[0m15:57:10.396485 [debug] [Thread-2 (]: SQL status: SUCCESS 1 in 0.642 seconds
[0m15:57:10.426589 [debug] [Thread-2 (]: Sending event: {'category': 'dbt', 'action': 'run_model', 'label': '17d7ab0f-6a59-4936-b1a6-a14ba6a22c40', 'context': [<snowplow_tracker.self_describing_json.SelfDescribingJson object at 0x0000015C2F5372B0>]}
[0m15:57:10.427581 [info ] [Thread-2 (]: 1 of 6 OK created sql view model PUBLIC_PUBLIC_BRONZE.bronze_retail_raw ........ [[32mSUCCESS 1[0m in 0.70s]
[0m15:57:10.428189 [debug] [Thread-2 (]: Finished running node model.datasense_dbt.bronze_retail_raw
[0m15:57:10.428189 [debug] [Thread-4 (]: Began running node model.datasense_dbt.silver_retail_cleaned
[0m15:57:10.429208 [info ] [Thread-4 (]: 2 of 6 START sql table model PUBLIC_PUBLIC_SILVER.silver_retail_cleaned ........ [RUN]
[0m15:57:10.429704 [debug] [Thread-4 (]: Acquiring new snowflake connection 'model.datasense_dbt.silver_retail_cleaned'
[0m15:57:10.429704 [debug] [Thread-4 (]: Began compiling node model.datasense_dbt.silver_retail_cleaned
[0m15:57:10.433737 [debug] [Thread-4 (]: Writing injected SQL for node "model.datasense_dbt.silver_retail_cleaned"
[0m15:57:10.433737 [debug] [Thread-4 (]: Began executing node model.datasense_dbt.silver_retail_cleaned
[0m15:57:10.453746 [debug] [Thread-4 (]: Writing runtime sql for node "model.datasense_dbt.silver_retail_cleaned"
[0m15:57:10.456745 [debug] [Thread-4 (]: Using snowflake connection "model.datasense_dbt.silver_retail_cleaned"
[0m15:57:10.456745 [debug] [Thread-4 (]: On model.datasense_dbt.silver_retail_cleaned: create or replace transient table DATASENSE_DB.PUBLIC_PUBLIC_SILVER.silver_retail_cleaned
    
    
    
    as (WITH base AS (
    -- Step A: drop rows where critical fields are null
    SELECT *
    FROM DATASENSE_DB.PUBLIC_PUBLIC_BRONZE.bronze_retail_raw
    WHERE InvoiceDate IS NOT NULL
      AND StockCode   IS NOT NULL
      AND Quantity    IS NOT NULL
),

with_medians AS (
    -- Step B (price): compute median UnitPrice per StockCode via window function
    SELECT
        *,
        PERCENTILE_CONT(0.5) WITHIN GROUP (ORDER BY UnitPrice)
            OVER (PARTITION BY TRIM(StockCode)) AS _median_unit_price
    FROM base
),

filled AS (
    -- Step B: fill remaining missing values; exclude rows where price is still null
    SELECT
        InvoiceNo,
        TRIM(StockCode)                                                     AS StockCode,
        TRIM(COALESCE(Description, 'UNKNOWN'))                              AS Description,
        Quantity,
        InvoiceDate,
        COALESCE(UnitPrice, _median_unit_price)                             AS UnitPrice,
        CASE WHEN CustomerID IS NULL THEN 'GUEST'
             ELSE CustomerID::VARCHAR END                                    AS CustomerID,
        CASE WHEN CustomerID IS NULL THEN TRUE ELSE FALSE END               AS is_guest_purchase,
        INITCAP(COALESCE(Country, 'UNSPECIFIED'))                           AS Country,
        _loaded_at
    FROM with_medians
    WHERE COALESCE(UnitPrice, _median_unit_price) IS NOT NULL
),

cleaned AS (
    -- Step C: remove cancelled orders, bad quantities/prices, non-product codes
    SELECT *
    FROM filled
    WHERE InvoiceNo NOT LIKE 'C%'
      AND Quantity  > 0
      AND UnitPrice > 0
      AND StockCode NOT IN (
            'POST', 'DOT', 'BANK CHARGES', 'AMAZONFEE',
            'PADS', 'CRUK', 'M', 'S', 'DCGSSBOY', 'DCGSSGIRL'
          )
),

transformed AS (
    -- Step D: parse timestamps, derive calendar columns, compute TotalRevenue
    SELECT
        InvoiceNo,
        StockCode,
        Description,
        Quantity,
        TRY_TO_TIMESTAMP_NTZ(InvoiceDate::VARCHAR)                          AS InvoiceDate,
        UnitPrice,
        CustomerID,
        is_guest_purchase,
        Country,
        Quantity * UnitPrice                                                 AS TotalRevenue,
        MONTH(TRY_TO_TIMESTAMP_NTZ(InvoiceDate::VARCHAR))                   AS InvoiceMonth,
        YEAR(TRY_TO_TIMESTAMP_NTZ(InvoiceDate::VARCHAR))                    AS InvoiceYear,
        CASE DAYOFWEEK(TRY_TO_TIMESTAMP_NTZ(InvoiceDate::VARCHAR))
            WHEN 0 THEN 'Sunday'
            WHEN 1 THEN 'Monday'
            WHEN 2 THEN 'Tuesday'
            WHEN 3 THEN 'Wednesday'
            WHEN 4 THEN 'Thursday'
            WHEN 5 THEN 'Friday'
            WHEN 6 THEN 'Saturday'
        END                                                                  AS DayOfWeek,
        CASE
            WHEN DAYOFWEEK(TRY_TO_TIMESTAMP_NTZ(InvoiceDate::VARCHAR)) IN (0, 6)
            THEN TRUE ELSE FALSE
        END                                                                  AS IsWeekend,
        _loaded_at
    FROM cleaned
),

percentiles AS (
    -- Step E: compute dataset-wide 99th percentile thresholds
    SELECT
        PERCENTILE_CONT(0.99) WITHIN GROUP (ORDER BY UnitPrice) AS price_p99,
        PERCENTILE_CONT(0.99) WITHIN GROUP (ORDER BY Quantity)  AS qty_p99
    FROM transformed
),

flagged AS (
    -- Step E: attach outlier flags without removing any rows
    SELECT
        t.*,
        NULLIF(
            ARRAY_TO_STRING(
                ARRAY_CONSTRUCT_COMPACT(
                    IFF(t.UnitPrice    > p.price_p99, 'price_outlier',           NULL),
                    IFF(t.Quantity     > p.qty_p99,   'bulk_order',              NULL),
                    IFF(t.TotalRevenue > 10000,       'high_value_transaction',  NULL)
                ),
                ','
            ),
            ''
        )                                                                    AS data_quality_flag,
        CASE
            WHEN t.UnitPrice    > p.price_p99
              OR t.Quantity     > p.qty_p99
              OR t.TotalRevenue > 10000
            THEN TRUE ELSE FALSE
        END                                                                  AS is_flagged
    FROM transformed t
    CROSS JOIN percentiles p
)

SELECT * FROM flagged
    )

/* {"app": "dbt", "dbt_version": "1.11.11", "profile_name": "datasense_dbt", "target_name": "dev", "node_id": "model.datasense_dbt.silver_retail_cleaned"} */;
[0m15:57:10.457747 [debug] [Thread-4 (]: Opening a new connection, currently in state init
[0m15:57:13.284716 [debug] [Thread-4 (]: SQL status: SUCCESS 1037369 in 2.827 seconds
[0m15:57:13.290141 [debug] [Thread-4 (]: Sending event: {'category': 'dbt', 'action': 'run_model', 'label': '17d7ab0f-6a59-4936-b1a6-a14ba6a22c40', 'context': [<snowplow_tracker.self_describing_json.SelfDescribingJson object at 0x0000015C4A5A5390>]}
[0m15:57:13.290912 [info ] [Thread-4 (]: 2 of 6 OK created sql table model PUBLIC_PUBLIC_SILVER.silver_retail_cleaned ... [[32mSUCCESS 1037369[0m in 2.86s]
[0m15:57:13.292068 [debug] [Thread-4 (]: Finished running node model.datasense_dbt.silver_retail_cleaned
[0m15:57:13.294009 [debug] [Thread-3 (]: Began running node model.datasense_dbt.gold_customer_metrics
[0m15:57:13.294955 [debug] [Thread-2 (]: Began running node model.datasense_dbt.gold_daily_revenue
[0m15:57:13.296191 [debug] [Thread-5 (]: Began running node model.datasense_dbt.gold_product_velocity
[0m15:57:13.296191 [info ] [Thread-3 (]: 3 of 6 START sql table model PUBLIC_PUBLIC_GOLD.gold_customer_metrics .......... [RUN]
[0m15:57:13.300318 [debug] [Thread-3 (]: Acquiring new snowflake connection 'model.datasense_dbt.gold_customer_metrics'
[0m15:57:13.297322 [info ] [Thread-2 (]: 4 of 6 START sql table model PUBLIC_PUBLIC_GOLD.gold_daily_revenue ............. [RUN]
[0m15:57:13.301318 [debug] [Thread-3 (]: Began compiling node model.datasense_dbt.gold_customer_metrics
[0m15:57:13.302318 [debug] [Thread-2 (]: Re-using an available connection from the pool (formerly model.datasense_dbt.bronze_retail_raw, now model.datasense_dbt.gold_daily_revenue)
[0m15:57:13.299319 [info ] [Thread-5 (]: 5 of 6 START sql table model PUBLIC_PUBLIC_GOLD.gold_product_velocity .......... [RUN]
[0m15:57:13.306428 [debug] [Thread-3 (]: Writing injected SQL for node "model.datasense_dbt.gold_customer_metrics"
[0m15:57:13.306428 [debug] [Thread-2 (]: Began compiling node model.datasense_dbt.gold_daily_revenue
[0m15:57:13.307321 [debug] [Thread-5 (]: Acquiring new snowflake connection 'model.datasense_dbt.gold_product_velocity'
[0m15:57:13.311886 [debug] [Thread-2 (]: Writing injected SQL for node "model.datasense_dbt.gold_daily_revenue"
[0m15:57:13.311886 [debug] [Thread-5 (]: Began compiling node model.datasense_dbt.gold_product_velocity
[0m15:57:13.312887 [debug] [Thread-3 (]: Began executing node model.datasense_dbt.gold_customer_metrics
[0m15:57:13.315888 [debug] [Thread-5 (]: Writing injected SQL for node "model.datasense_dbt.gold_product_velocity"
[0m15:57:13.319887 [debug] [Thread-3 (]: Writing runtime sql for node "model.datasense_dbt.gold_customer_metrics"
[0m15:57:13.320888 [debug] [Thread-2 (]: Began executing node model.datasense_dbt.gold_daily_revenue
[0m15:57:13.322991 [debug] [Thread-2 (]: Writing runtime sql for node "model.datasense_dbt.gold_daily_revenue"
[0m15:57:13.324004 [debug] [Thread-5 (]: Began executing node model.datasense_dbt.gold_product_velocity
[0m15:57:13.326693 [debug] [Thread-5 (]: Writing runtime sql for node "model.datasense_dbt.gold_product_velocity"
[0m15:57:13.328572 [debug] [Thread-3 (]: Using snowflake connection "model.datasense_dbt.gold_customer_metrics"
[0m15:57:13.328572 [debug] [Thread-3 (]: On model.datasense_dbt.gold_customer_metrics: create or replace transient table DATASENSE_DB.PUBLIC_PUBLIC_GOLD.gold_customer_metrics
    
    
    
    as (WITH customer_base AS (
    SELECT
        CustomerID,
        SUM(TotalRevenue)          AS total_spend,
        COUNT(DISTINCT InvoiceNo)  AS total_orders,
        MIN(InvoiceDate)           AS first_purchase_date,
        MAX(InvoiceDate)           AS last_purchase_date
    FROM DATASENSE_DB.PUBLIC_PUBLIC_SILVER.silver_retail_cleaned
    WHERE CustomerID != 'GUEST'
    GROUP BY CustomerID
)

SELECT
    CustomerID,
    total_spend,
    total_orders,
    total_spend / NULLIF(total_orders, 0)                                         AS avg_order_value,
    first_purchase_date,
    last_purchase_date,
    DATEDIFF('day', last_purchase_date, CURRENT_DATE())                           AS days_since_last_purchase,
    -- GREATEST(..., 1) prevents division-by-zero for single-month customers
    total_orders / GREATEST(DATEDIFF('month', first_purchase_date, last_purchase_date), 1)
                                                                                  AS orders_per_month,
    CASE
        WHEN total_spend >  1000 THEN 'VIP'
        WHEN total_spend >= 250  THEN 'REGULAR'
        ELSE                          'OCCASIONAL'
    END                                                                           AS customer_segment
FROM customer_base
    )

/* {"app": "dbt", "dbt_version": "1.11.11", "profile_name": "datasense_dbt", "target_name": "dev", "node_id": "model.datasense_dbt.gold_customer_metrics"} */;
[0m15:57:13.329895 [debug] [Thread-3 (]: Opening a new connection, currently in state init
[0m15:57:13.331902 [debug] [Thread-2 (]: Using snowflake connection "model.datasense_dbt.gold_daily_revenue"
[0m15:57:13.331902 [debug] [Thread-2 (]: On model.datasense_dbt.gold_daily_revenue: create or replace transient table DATASENSE_DB.PUBLIC_PUBLIC_GOLD.gold_daily_revenue
    
    
    
    as (WITH daily_agg AS (
    SELECT
        DATE(InvoiceDate)                                                              AS sale_date,
        Country,
        SUM(TotalRevenue)                                                              AS total_revenue,
        COUNT(DISTINCT InvoiceNo)                                                      AS total_orders,
        COUNT(DISTINCT CASE WHEN CustomerID != 'GUEST' THEN CustomerID END)            AS unique_customers
    FROM DATASENSE_DB.PUBLIC_PUBLIC_SILVER.silver_retail_cleaned
    GROUP BY 1, 2
),

with_window AS (
    SELECT
        *,
        -- 7-day rolling average partitioned per country
        AVG(total_revenue) OVER (
            PARTITION BY Country
            ORDER BY sale_date
            ROWS BETWEEN 6 PRECEDING AND CURRENT ROW
        )                                                                              AS revenue_7day_rolling_avg,
        -- previous day's revenue for DoD calculation
        LAG(total_revenue) OVER (PARTITION BY Country ORDER BY sale_date)              AS _prev_day_revenue,
        -- global mean and stddev for z-score (across all date-country rows)
        AVG(total_revenue)    OVER ()                                                  AS _global_avg,
        STDDEV(total_revenue) OVER ()                                                  AS _global_stddev
    FROM daily_agg
),

enriched AS (
    SELECT
        sale_date,
        Country,
        total_revenue,
        total_orders,
        unique_customers,
        total_revenue / NULLIF(total_orders, 0)                                        AS avg_order_value,
        revenue_7day_rolling_avg,
        (total_revenue - _prev_day_revenue)
            / NULLIF(_prev_day_revenue, 0) * 100                                       AS revenue_dod_change_pct,
        (total_revenue - _global_avg) / NULLIF(_global_stddev, 0)                     AS revenue_zscore
    FROM with_window
)

SELECT
    *,
    CASE WHEN ABS(revenue_zscore) > 2.5 THEN TRUE ELSE FALSE END                      AS is_anomaly_day
FROM enriched
    )

/* {"app": "dbt", "dbt_version": "1.11.11", "profile_name": "datasense_dbt", "target_name": "dev", "node_id": "model.datasense_dbt.gold_daily_revenue"} */;
[0m15:57:13.334900 [debug] [Thread-5 (]: Using snowflake connection "model.datasense_dbt.gold_product_velocity"
[0m15:57:13.334900 [debug] [Thread-5 (]: On model.datasense_dbt.gold_product_velocity: create or replace transient table DATASENSE_DB.PUBLIC_PUBLIC_GOLD.gold_product_velocity
    
    
    
    as (WITH daily_product AS (
    -- One row per StockCode per day; MAX(Description) handles rare StockCode/description mismatches
    SELECT
        DATE(InvoiceDate)        AS sale_date,
        StockCode,
        MAX(Description)         AS Description,
        SUM(Quantity)            AS units_sold,
        SUM(TotalRevenue)        AS daily_revenue
    FROM DATASENSE_DB.PUBLIC_PUBLIC_SILVER.silver_retail_cleaned
    GROUP BY 1, 2
),

product_totals AS (
    -- Lifetime revenue per product, used to assign a stable cross-day revenue rank
    SELECT
        StockCode,
        SUM(daily_revenue) AS total_product_revenue
    FROM daily_product
    GROUP BY StockCode
),

with_rank AS (
    SELECT
        d.*,
        DENSE_RANK() OVER (ORDER BY t.total_product_revenue DESC) AS revenue_rank
    FROM daily_product d
    JOIN product_totals t USING (StockCode)
),

with_velocity AS (
    SELECT
        *,
        -- 7-day rolling average of units sold per product
        AVG(units_sold) OVER (
            PARTITION BY StockCode
            ORDER BY sale_date
            ROWS BETWEEN 6 PRECEDING AND CURRENT ROW
        )                                                                      AS units_7day_rolling_avg,
        -- decile rank within each day; decile 1 = top 10% by units sold
        NTILE(10) OVER (PARTITION BY sale_date ORDER BY units_sold DESC)       AS _day_decile
    FROM with_rank
)

SELECT
    sale_date,
    StockCode,
    Description,
    units_sold,
    daily_revenue,
    units_7day_rolling_avg,
    revenue_rank,
    CASE WHEN _day_decile = 1 THEN TRUE ELSE FALSE END                         AS is_fast_mover
FROM with_velocity
    )

/* {"app": "dbt", "dbt_version": "1.11.11", "profile_name": "datasense_dbt", "target_name": "dev", "node_id": "model.datasense_dbt.gold_product_velocity"} */;
[0m15:57:13.334900 [debug] [Thread-5 (]: Opening a new connection, currently in state init
[0m15:57:14.506497 [debug] [Thread-2 (]: SQL status: SUCCESS 2833 in 1.175 seconds
[0m15:57:14.509851 [debug] [Thread-2 (]: Sending event: {'category': 'dbt', 'action': 'run_model', 'label': '17d7ab0f-6a59-4936-b1a6-a14ba6a22c40', 'context': [<snowplow_tracker.self_describing_json.SelfDescribingJson object at 0x0000015C4B69BC70>]}
[0m15:57:14.509851 [info ] [Thread-2 (]: 4 of 6 OK created sql table model PUBLIC_PUBLIC_GOLD.gold_daily_revenue ........ [[32mSUCCESS 2833[0m in 1.21s]
[0m15:57:14.510849 [debug] [Thread-2 (]: Finished running node model.datasense_dbt.gold_daily_revenue
[0m15:57:14.662220 [debug] [Thread-3 (]: SQL status: SUCCESS 5862 in 1.334 seconds
[0m15:57:14.662220 [debug] [Thread-3 (]: Sending event: {'category': 'dbt', 'action': 'run_model', 'label': '17d7ab0f-6a59-4936-b1a6-a14ba6a22c40', 'context': [<snowplow_tracker.self_describing_json.SelfDescribingJson object at 0x0000015C4A607A90>]}
[0m15:57:14.662220 [info ] [Thread-3 (]: 3 of 6 OK created sql table model PUBLIC_PUBLIC_GOLD.gold_customer_metrics ..... [[32mSUCCESS 5862[0m in 1.36s]
[0m15:57:14.662220 [debug] [Thread-3 (]: Finished running node model.datasense_dbt.gold_customer_metrics
[0m15:57:15.530160 [debug] [Thread-5 (]: SQL status: SUCCESS 531413 in 2.195 seconds
[0m15:57:15.535434 [debug] [Thread-5 (]: Sending event: {'category': 'dbt', 'action': 'run_model', 'label': '17d7ab0f-6a59-4936-b1a6-a14ba6a22c40', 'context': [<snowplow_tracker.self_describing_json.SelfDescribingJson object at 0x0000015C4A6042B0>]}
[0m15:57:15.536428 [info ] [Thread-5 (]: 5 of 6 OK created sql table model PUBLIC_PUBLIC_GOLD.gold_product_velocity ..... [[32mSUCCESS 531413[0m in 2.23s]
[0m15:57:15.537321 [debug] [Thread-5 (]: Finished running node model.datasense_dbt.gold_product_velocity
[0m15:57:15.538320 [debug] [Thread-4 (]: Began running node model.datasense_dbt.gold_anomaly_features
[0m15:57:15.539416 [info ] [Thread-4 (]: 6 of 6 START sql table model PUBLIC_PUBLIC_GOLD.gold_anomaly_features .......... [RUN]
[0m15:57:15.540321 [debug] [Thread-4 (]: Re-using an available connection from the pool (formerly model.datasense_dbt.silver_retail_cleaned, now model.datasense_dbt.gold_anomaly_features)
[0m15:57:15.541416 [debug] [Thread-4 (]: Began compiling node model.datasense_dbt.gold_anomaly_features
[0m15:57:15.545907 [debug] [Thread-4 (]: Writing injected SQL for node "model.datasense_dbt.gold_anomaly_features"
[0m15:57:15.546908 [debug] [Thread-4 (]: Began executing node model.datasense_dbt.gold_anomaly_features
[0m15:57:15.549913 [debug] [Thread-4 (]: Writing runtime sql for node "model.datasense_dbt.gold_anomaly_features"
[0m15:57:15.552911 [debug] [Thread-4 (]: Using snowflake connection "model.datasense_dbt.gold_anomaly_features"
[0m15:57:15.552911 [debug] [Thread-4 (]: On model.datasense_dbt.gold_anomaly_features: create or replace transient table DATASENSE_DB.PUBLIC_PUBLIC_GOLD.gold_anomaly_features
    
    
    
    as (WITH daily_totals AS (
    -- Roll up gold_daily_revenue from (date, country) → single date row
    SELECT
        sale_date,
        SUM(total_revenue)      AS total_revenue,
        SUM(total_orders)       AS total_orders,
        SUM(unique_customers)   AS unique_customers
    FROM DATASENSE_DB.PUBLIC_PUBLIC_GOLD.gold_daily_revenue
    GROUP BY sale_date
),

with_windows AS (
    SELECT
        *,
        (total_revenue - AVG(total_revenue) OVER ())
            / NULLIF(STDDEV(total_revenue) OVER (), 0)                         AS revenue_zscore,
        (total_revenue - LAG(total_revenue) OVER (ORDER BY sale_date))
            / NULLIF(LAG(total_revenue) OVER (ORDER BY sale_date), 0) * 100    AS revenue_dod_change_pct,
        AVG(total_revenue) OVER (
            ORDER BY sale_date
            ROWS BETWEEN 6 PRECEDING AND CURRENT ROW
        )                                                                      AS revenue_7day_rolling_avg
    FROM daily_totals
),

with_flags AS (
    SELECT
        *,
        CASE WHEN ABS(revenue_zscore) > 2.5 THEN TRUE ELSE FALSE END          AS is_anomaly_day,
        CASE
            WHEN revenue_zscore >  2.5 THEN 'revenue_spike'
            WHEN revenue_zscore < -2.5 THEN 'revenue_drop'
            ELSE                            'normal'
        END                                                                    AS anomaly_type,
        CASE WHEN DAYOFWEEK(sale_date) IN (0, 6) THEN TRUE ELSE FALSE END      AS is_weekend
    FROM with_windows
),

top_products AS (
    -- Pick the highest-selling product per day using Snowflake QUALIFY
    SELECT
        sale_date,
        StockCode AS top_product_that_day
    FROM DATASENSE_DB.PUBLIC_PUBLIC_GOLD.gold_product_velocity
    QUALIFY ROW_NUMBER() OVER (PARTITION BY sale_date ORDER BY units_sold DESC) = 1
)

SELECT
    f.sale_date,
    f.total_revenue,
    f.total_orders,
    f.unique_customers,
    f.revenue_zscore,
    f.revenue_dod_change_pct,
    f.revenue_7day_rolling_avg,
    f.is_anomaly_day,
    t.top_product_that_day,
    f.is_weekend,
    f.anomaly_type
FROM with_flags f
LEFT JOIN top_products t ON f.sale_date = t.sale_date
    )

/* {"app": "dbt", "dbt_version": "1.11.11", "profile_name": "datasense_dbt", "target_name": "dev", "node_id": "model.datasense_dbt.gold_anomaly_features"} */;
[0m15:57:16.693561 [debug] [Thread-4 (]: SQL status: SUCCESS 604 in 1.139 seconds
[0m15:57:16.698311 [debug] [Thread-4 (]: Sending event: {'category': 'dbt', 'action': 'run_model', 'label': '17d7ab0f-6a59-4936-b1a6-a14ba6a22c40', 'context': [<snowplow_tracker.self_describing_json.SelfDescribingJson object at 0x0000015C4A605F30>]}
[0m15:57:16.699308 [info ] [Thread-4 (]: 6 of 6 OK created sql table model PUBLIC_PUBLIC_GOLD.gold_anomaly_features ..... [[32mSUCCESS 604[0m in 1.16s]
[0m15:57:16.700202 [debug] [Thread-4 (]: Finished running node model.datasense_dbt.gold_anomaly_features
[0m15:57:16.702201 [debug] [MainThread]: Connection 'master' was properly closed.
[0m15:57:16.703201 [debug] [MainThread]: Connection 'list_DATASENSE_DB' was left open.
[0m15:57:16.703201 [debug] [MainThread]: On list_DATASENSE_DB: Close
[0m15:57:16.888022 [debug] [MainThread]: Connection 'list_DATASENSE_DB' was left open.
[0m15:57:16.889022 [debug] [MainThread]: On list_DATASENSE_DB: Close
[0m15:57:17.032771 [debug] [MainThread]: Connection 'list_DATASENSE_DB' was left open.
[0m15:57:17.033764 [debug] [MainThread]: On list_DATASENSE_DB: Close
[0m15:57:17.205175 [debug] [MainThread]: Connection 'list_DATASENSE_DB_PUBLIC_PUBLIC_GOLD' was left open.
[0m15:57:17.206172 [debug] [MainThread]: On list_DATASENSE_DB_PUBLIC_PUBLIC_GOLD: Close
[0m15:57:17.411062 [debug] [MainThread]: Connection 'list_DATASENSE_DB_PUBLIC_PUBLIC_SILVER' was left open.
[0m15:57:17.411737 [debug] [MainThread]: On list_DATASENSE_DB_PUBLIC_PUBLIC_SILVER: Close
[0m15:57:17.617043 [debug] [MainThread]: Connection 'list_DATASENSE_DB_PUBLIC_PUBLIC_BRONZE' was left open.
[0m15:57:17.618063 [debug] [MainThread]: On list_DATASENSE_DB_PUBLIC_PUBLIC_BRONZE: Close
[0m15:57:17.820477 [debug] [MainThread]: Connection 'model.datasense_dbt.gold_daily_revenue' was left open.
[0m15:57:17.821476 [debug] [MainThread]: On model.datasense_dbt.gold_daily_revenue: Close
[0m15:57:18.034794 [debug] [MainThread]: Connection 'model.datasense_dbt.gold_anomaly_features' was left open.
[0m15:57:18.035796 [debug] [MainThread]: On model.datasense_dbt.gold_anomaly_features: Close
[0m15:57:18.199424 [debug] [MainThread]: Connection 'model.datasense_dbt.gold_customer_metrics' was left open.
[0m15:57:18.200427 [debug] [MainThread]: On model.datasense_dbt.gold_customer_metrics: Close
[0m15:57:18.356685 [debug] [MainThread]: Connection 'model.datasense_dbt.gold_product_velocity' was left open.
[0m15:57:18.357859 [debug] [MainThread]: On model.datasense_dbt.gold_product_velocity: Close
[0m15:57:18.494775 [info ] [MainThread]: 
[0m15:57:18.494775 [info ] [MainThread]: Finished running 5 table models, 1 view model in 0 hours 0 minutes and 11.20 seconds (11.20s).
[0m15:57:18.494775 [debug] [MainThread]: Command end result
[0m15:57:18.540631 [debug] [MainThread]: Wrote artifact WritableManifest to C:\Users\anany\Projects\DataSense\dbt_project\target\manifest.json
[0m15:57:18.543825 [debug] [MainThread]: Wrote artifact SemanticManifest to C:\Users\anany\Projects\DataSense\dbt_project\target\semantic_manifest.json
[0m15:57:18.550833 [debug] [MainThread]: Wrote artifact RunExecutionResult to C:\Users\anany\Projects\DataSense\dbt_project\target\run_results.json
[0m15:57:18.550833 [info ] [MainThread]: 
[0m15:57:18.550833 [info ] [MainThread]: [32mCompleted successfully[0m
[0m15:57:18.551863 [info ] [MainThread]: 
[0m15:57:18.551863 [info ] [MainThread]: Done. PASS=6 WARN=0 ERROR=0 SKIP=0 NO-OP=0 TOTAL=6
[0m15:57:18.552831 [debug] [MainThread]: Command `dbt run` succeeded at 15:57:18.552831 after 13.08 seconds
[0m15:57:18.553934 [debug] [MainThread]: Sending event: {'category': 'dbt', 'action': 'invocation', 'label': 'end', 'context': [<snowplow_tracker.self_describing_json.SelfDescribingJson object at 0x0000015C2E39A170>, <snowplow_tracker.self_describing_json.SelfDescribingJson object at 0x0000015C4864DF60>, <snowplow_tracker.self_describing_json.SelfDescribingJson object at 0x0000015C2BD4B280>]}
[0m15:57:18.553934 [debug] [MainThread]: Flushing usage events
[0m15:57:18.798277 [debug] [MainThread]: An error was encountered while trying to flush usage events
[0m15:57:21.924307 [debug] [MainThread]: Sending event: {'category': 'dbt', 'action': 'invocation', 'label': 'start', 'context': [<snowplow_tracker.self_describing_json.SelfDescribingJson object at 0x0000029E915026B0>, <snowplow_tracker.self_describing_json.SelfDescribingJson object at 0x0000029E929203A0>, <snowplow_tracker.self_describing_json.SelfDescribingJson object at 0x0000029E929201C0>]}


============================== 15:57:21.928038 | 43d9e713-3edf-4fc1-8b35-29b70addbf9a ==============================
[0m15:57:21.928038 [info ] [MainThread]: Running with dbt=1.11.11
[0m15:57:21.928038 [debug] [MainThread]: running dbt with arguments {'partial_parse': 'True', 'write_json': 'True', 'send_anonymous_usage_stats': 'True', 'version_check': 'True', 'cache_selected_only': 'False', 'target_path': 'None', 'use_colors': 'True', 'invocation_command': 'dbt test', 'log_format': 'default', 'warn_error': 'None', 'introspect': 'True', 'debug': 'False', 'printer_width': '80', 'fail_fast': 'False', 'no_print': 'None', 'use_experimental_parser': 'False', 'empty': 'None', 'quiet': 'False', 'log_cache_events': 'False', 'log_path': 'C:\\Users\\anany\\Projects\\DataSense\\dbt_project\\logs', 'indirect_selection': 'eager', 'profiles_dir': 'C:\\Users\\anany\\Projects\\DataSense\\dbt_project', 'warn_error_options': 'WarnErrorOptionsV2(error=[], warn=[], silence=[])', 'static_parser': 'True'}
[0m15:57:22.561612 [debug] [MainThread]: Snowflake adapter: Setting snowflake.connector to ERROR (file logging only)
[0m15:57:22.562645 [debug] [MainThread]: Snowflake adapter: Setting botocore to ERROR (file logging only)
[0m15:57:22.562645 [debug] [MainThread]: Snowflake adapter: Setting boto3 to ERROR (file logging only)
[0m15:57:22.780309 [debug] [MainThread]: Sending event: {'category': 'dbt', 'action': 'project_id', 'label': '43d9e713-3edf-4fc1-8b35-29b70addbf9a', 'context': [<snowplow_tracker.self_describing_json.SelfDescribingJson object at 0x0000029E8EF87880>]}
[0m15:57:22.847782 [debug] [MainThread]: Sending event: {'category': 'dbt', 'action': 'adapter_info', 'label': '43d9e713-3edf-4fc1-8b35-29b70addbf9a', 'context': [<snowplow_tracker.self_describing_json.SelfDescribingJson object at 0x0000029E92107EE0>]}
[0m15:57:22.848787 [info ] [MainThread]: Registered adapter: snowflake=1.11.5
[0m15:57:23.090753 [debug] [MainThread]: checksum: 30a8cc8fdcbf66701b0944d4ccce3fa46dd04b61e5df68b9f16d57b2e0e3f0be, vars: {}, profile: , target: , version: 1.11.11
[0m15:57:23.224906 [debug] [MainThread]: Partial parsing enabled: 0 files deleted, 0 files added, 0 files changed.
[0m15:57:23.224906 [debug] [MainThread]: Nothing changed, skipping partial parsing.
[0m15:57:23.225905 [debug] [MainThread]: Partial parsing enabled, no changes found, skipping parsing
[0m15:57:23.270525 [debug] [MainThread]: Sending event: {'category': 'dbt', 'action': 'load_project', 'label': '43d9e713-3edf-4fc1-8b35-29b70addbf9a', 'context': [<snowplow_tracker.self_describing_json.SelfDescribingJson object at 0x0000029EAD158130>]}
[0m15:57:23.361378 [debug] [MainThread]: Wrote artifact WritableManifest to C:\Users\anany\Projects\DataSense\dbt_project\target\manifest.json
[0m15:57:23.363945 [debug] [MainThread]: Wrote artifact SemanticManifest to C:\Users\anany\Projects\DataSense\dbt_project\target\semantic_manifest.json
[0m15:57:23.380051 [debug] [MainThread]: Sending event: {'category': 'dbt', 'action': 'resource_counts', 'label': '43d9e713-3edf-4fc1-8b35-29b70addbf9a', 'context': [<snowplow_tracker.self_describing_json.SelfDescribingJson object at 0x0000029EAD186E90>]}
[0m15:57:23.381055 [info ] [MainThread]: Found 6 models, 25 data tests, 1 source, 652 macros
[0m15:57:23.381055 [debug] [MainThread]: Sending event: {'category': 'dbt', 'action': 'runnable_timing', 'label': '43d9e713-3edf-4fc1-8b35-29b70addbf9a', 'context': [<snowplow_tracker.self_describing_json.SelfDescribingJson object at 0x0000029EAD184DC0>]}
[0m15:57:23.383031 [info ] [MainThread]: 
[0m15:57:23.383811 [info ] [MainThread]: Concurrency: 4 threads (target='dev')
[0m15:57:23.383811 [info ] [MainThread]: 
[0m15:57:23.383811 [debug] [MainThread]: Acquiring new snowflake connection 'master'
[0m15:57:23.387826 [debug] [ThreadPool]: Acquiring new snowflake connection 'list_DATASENSE_DB_PUBLIC_PUBLIC_SILVER'
[0m15:57:23.404705 [debug] [ThreadPool]: Acquiring new snowflake connection 'list_DATASENSE_DB_PUBLIC_PUBLIC_GOLD'
[0m15:57:23.407703 [debug] [ThreadPool]: Acquiring new snowflake connection 'list_DATASENSE_DB_PUBLIC_PUBLIC_BRONZE'
[0m15:57:23.445597 [debug] [ThreadPool]: Using snowflake connection "list_DATASENSE_DB_PUBLIC_PUBLIC_SILVER"
[0m15:57:23.445597 [debug] [ThreadPool]: On list_DATASENSE_DB_PUBLIC_PUBLIC_SILVER: show objects in DATASENSE_DB.PUBLIC_PUBLIC_SILVER
    limit 10000
    

/* {"app": "dbt", "dbt_version": "1.11.11", "profile_name": "datasense_dbt", "target_name": "dev", "connection_name": "list_DATASENSE_DB_PUBLIC_PUBLIC_SILVER"} */;
[0m15:57:23.445597 [debug] [ThreadPool]: Using snowflake connection "list_DATASENSE_DB_PUBLIC_PUBLIC_GOLD"
[0m15:57:23.445597 [debug] [ThreadPool]: Using snowflake connection "list_DATASENSE_DB_PUBLIC_PUBLIC_BRONZE"
[0m15:57:23.445597 [debug] [ThreadPool]: Opening a new connection, currently in state init
[0m15:57:23.445597 [debug] [ThreadPool]: On list_DATASENSE_DB_PUBLIC_PUBLIC_GOLD: show objects in DATASENSE_DB.PUBLIC_PUBLIC_GOLD
    limit 10000
    

/* {"app": "dbt", "dbt_version": "1.11.11", "profile_name": "datasense_dbt", "target_name": "dev", "connection_name": "list_DATASENSE_DB_PUBLIC_PUBLIC_GOLD"} */;
[0m15:57:23.445597 [debug] [ThreadPool]: On list_DATASENSE_DB_PUBLIC_PUBLIC_BRONZE: show objects in DATASENSE_DB.PUBLIC_PUBLIC_BRONZE
    limit 10000
    

/* {"app": "dbt", "dbt_version": "1.11.11", "profile_name": "datasense_dbt", "target_name": "dev", "connection_name": "list_DATASENSE_DB_PUBLIC_PUBLIC_BRONZE"} */;
[0m15:57:23.445597 [debug] [ThreadPool]: Opening a new connection, currently in state init
[0m15:57:23.445597 [debug] [ThreadPool]: Opening a new connection, currently in state init
[0m15:57:24.581172 [debug] [ThreadPool]: SQL status: SUCCESS 1 in 1.128 seconds
[0m15:57:24.584178 [debug] [ThreadPool]: SQL status: SUCCESS 4 in 1.130 seconds
[0m15:57:24.884223 [debug] [ThreadPool]: SQL status: SUCCESS 1 in 1.429 seconds
[0m15:57:24.888225 [debug] [MainThread]: Sending event: {'category': 'dbt', 'action': 'runnable_timing', 'label': '43d9e713-3edf-4fc1-8b35-29b70addbf9a', 'context': [<snowplow_tracker.self_describing_json.SelfDescribingJson object at 0x0000029E8F4AA320>]}
[0m15:57:24.892863 [debug] [Thread-2 (]: Began running node test.datasense_dbt.accepted_values_gold_anomaly_features_anomaly_type__revenue_spike__revenue_drop__normal.f5aeecd93d
[0m15:57:24.892863 [debug] [Thread-3 (]: Began running node test.datasense_dbt.accepted_values_gold_customer_metrics_customer_segment__VIP__REGULAR__OCCASIONAL.cc94124980
[0m15:57:24.893864 [debug] [Thread-4 (]: Began running node test.datasense_dbt.accepted_values_silver_retail_cleaned_IsWeekend__True__False.d91ff75d53
[0m15:57:24.895131 [debug] [Thread-5 (]: Began running node test.datasense_dbt.accepted_values_silver_retail_cleaned_is_guest_purchase__True__False.c5ea65a8e5
[0m15:57:24.893864 [info ] [Thread-2 (]: 1 of 25 START test accepted_values_gold_anomaly_features_anomaly_type__revenue_spike__revenue_drop__normal  [RUN]
[0m15:57:24.894674 [info ] [Thread-3 (]: 2 of 25 START test accepted_values_gold_customer_metrics_customer_segment__VIP__REGULAR__OCCASIONAL  [RUN]
[0m15:57:24.896195 [debug] [Thread-2 (]: Acquiring new snowflake connection 'test.datasense_dbt.accepted_values_gold_anomaly_features_anomaly_type__revenue_spike__revenue_drop__normal.f5aeecd93d'
[0m15:57:24.895131 [info ] [Thread-4 (]: 3 of 25 START test accepted_values_silver_retail_cleaned_IsWeekend__True__False  [RUN]
[0m15:57:24.897093 [debug] [Thread-3 (]: Acquiring new snowflake connection 'test.datasense_dbt.accepted_values_gold_customer_metrics_customer_segment__VIP__REGULAR__OCCASIONAL.cc94124980'
[0m15:57:24.895131 [info ] [Thread-5 (]: 4 of 25 START test accepted_values_silver_retail_cleaned_is_guest_purchase__True__False  [RUN]
[0m15:57:24.897640 [debug] [Thread-2 (]: Began compiling node test.datasense_dbt.accepted_values_gold_anomaly_features_anomaly_type__revenue_spike__revenue_drop__normal.f5aeecd93d
[0m15:57:24.897640 [debug] [Thread-4 (]: Acquiring new snowflake connection 'test.datasense_dbt.accepted_values_silver_retail_cleaned_IsWeekend__True__False.d91ff75d53'
[0m15:57:24.898344 [debug] [Thread-3 (]: Began compiling node test.datasense_dbt.accepted_values_gold_customer_metrics_customer_segment__VIP__REGULAR__OCCASIONAL.cc94124980
[0m15:57:24.898854 [debug] [Thread-5 (]: Acquiring new snowflake connection 'test.datasense_dbt.accepted_values_silver_retail_cleaned_is_guest_purchase__True__False.c5ea65a8e5'
[0m15:57:24.910208 [debug] [Thread-4 (]: Began compiling node test.datasense_dbt.accepted_values_silver_retail_cleaned_IsWeekend__True__False.d91ff75d53
[0m15:57:24.914837 [debug] [Thread-2 (]: Writing injected SQL for node "test.datasense_dbt.accepted_values_gold_anomaly_features_anomaly_type__revenue_spike__revenue_drop__normal.f5aeecd93d"
[0m15:57:24.919830 [debug] [Thread-3 (]: Writing injected SQL for node "test.datasense_dbt.accepted_values_gold_customer_metrics_customer_segment__VIP__REGULAR__OCCASIONAL.cc94124980"
[0m15:57:24.920832 [debug] [Thread-5 (]: Began compiling node test.datasense_dbt.accepted_values_silver_retail_cleaned_is_guest_purchase__True__False.c5ea65a8e5
[0m15:57:24.924448 [debug] [Thread-4 (]: Writing injected SQL for node "test.datasense_dbt.accepted_values_silver_retail_cleaned_IsWeekend__True__False.d91ff75d53"
[0m15:57:24.929301 [debug] [Thread-5 (]: Writing injected SQL for node "test.datasense_dbt.accepted_values_silver_retail_cleaned_is_guest_purchase__True__False.c5ea65a8e5"
[0m15:57:24.930718 [debug] [Thread-2 (]: Began executing node test.datasense_dbt.accepted_values_gold_anomaly_features_anomaly_type__revenue_spike__revenue_drop__normal.f5aeecd93d
[0m15:57:24.940732 [debug] [Thread-3 (]: Began executing node test.datasense_dbt.accepted_values_gold_customer_metrics_customer_segment__VIP__REGULAR__OCCASIONAL.cc94124980
[0m15:57:24.957992 [debug] [Thread-2 (]: Writing runtime sql for node "test.datasense_dbt.accepted_values_gold_anomaly_features_anomaly_type__revenue_spike__revenue_drop__normal.f5aeecd93d"
[0m15:57:24.962996 [debug] [Thread-3 (]: Writing runtime sql for node "test.datasense_dbt.accepted_values_gold_customer_metrics_customer_segment__VIP__REGULAR__OCCASIONAL.cc94124980"
[0m15:57:24.963944 [debug] [Thread-4 (]: Began executing node test.datasense_dbt.accepted_values_silver_retail_cleaned_IsWeekend__True__False.d91ff75d53
[0m15:57:24.965064 [debug] [Thread-5 (]: Began executing node test.datasense_dbt.accepted_values_silver_retail_cleaned_is_guest_purchase__True__False.c5ea65a8e5
[0m15:57:24.966128 [debug] [Thread-2 (]: Using snowflake connection "test.datasense_dbt.accepted_values_gold_anomaly_features_anomaly_type__revenue_spike__revenue_drop__normal.f5aeecd93d"
[0m15:57:24.968652 [debug] [Thread-4 (]: Writing runtime sql for node "test.datasense_dbt.accepted_values_silver_retail_cleaned_IsWeekend__True__False.d91ff75d53"
[0m15:57:24.971649 [debug] [Thread-5 (]: Writing runtime sql for node "test.datasense_dbt.accepted_values_silver_retail_cleaned_is_guest_purchase__True__False.c5ea65a8e5"
[0m15:57:24.971649 [debug] [Thread-2 (]: On test.datasense_dbt.accepted_values_gold_anomaly_features_anomaly_type__revenue_spike__revenue_drop__normal.f5aeecd93d: select
      count(*) as failures,
      count(*) != 0 as should_warn,
      count(*) != 0 as should_error
    from (
      
    
  
    
    

with all_values as (

    select
        anomaly_type as value_field,
        count(*) as n_records

    from DATASENSE_DB.PUBLIC_PUBLIC_GOLD.gold_anomaly_features
    group by anomaly_type

)

select *
from all_values
where value_field not in (
    'revenue_spike','revenue_drop','normal'
)



  
  
      
    ) dbt_internal_test
/* {"app": "dbt", "dbt_version": "1.11.11", "profile_name": "datasense_dbt", "target_name": "dev", "node_id": "test.datasense_dbt.accepted_values_gold_anomaly_features_anomaly_type__revenue_spike__revenue_drop__normal.f5aeecd93d"} */
[0m15:57:24.972648 [debug] [Thread-3 (]: Using snowflake connection "test.datasense_dbt.accepted_values_gold_customer_metrics_customer_segment__VIP__REGULAR__OCCASIONAL.cc94124980"
[0m15:57:24.973646 [debug] [Thread-2 (]: Opening a new connection, currently in state init
[0m15:57:24.973646 [debug] [Thread-3 (]: On test.datasense_dbt.accepted_values_gold_customer_metrics_customer_segment__VIP__REGULAR__OCCASIONAL.cc94124980: select
      count(*) as failures,
      count(*) != 0 as should_warn,
      count(*) != 0 as should_error
    from (
      
    
  
    
    

with all_values as (

    select
        customer_segment as value_field,
        count(*) as n_records

    from DATASENSE_DB.PUBLIC_PUBLIC_GOLD.gold_customer_metrics
    group by customer_segment

)

select *
from all_values
where value_field not in (
    'VIP','REGULAR','OCCASIONAL'
)



  
  
      
    ) dbt_internal_test
/* {"app": "dbt", "dbt_version": "1.11.11", "profile_name": "datasense_dbt", "target_name": "dev", "node_id": "test.datasense_dbt.accepted_values_gold_customer_metrics_customer_segment__VIP__REGULAR__OCCASIONAL.cc94124980"} */
[0m15:57:24.974648 [debug] [Thread-4 (]: Using snowflake connection "test.datasense_dbt.accepted_values_silver_retail_cleaned_IsWeekend__True__False.d91ff75d53"
[0m15:57:24.974648 [debug] [Thread-3 (]: Opening a new connection, currently in state init
[0m15:57:24.975699 [debug] [Thread-4 (]: On test.datasense_dbt.accepted_values_silver_retail_cleaned_IsWeekend__True__False.d91ff75d53: select
      count(*) as failures,
      count(*) != 0 as should_warn,
      count(*) != 0 as should_error
    from (
      
    
  
    
    

with all_values as (

    select
        IsWeekend as value_field,
        count(*) as n_records

    from DATASENSE_DB.PUBLIC_PUBLIC_SILVER.silver_retail_cleaned
    group by IsWeekend

)

select *
from all_values
where value_field not in (
    'True','False'
)



  
  
      
    ) dbt_internal_test
/* {"app": "dbt", "dbt_version": "1.11.11", "profile_name": "datasense_dbt", "target_name": "dev", "node_id": "test.datasense_dbt.accepted_values_silver_retail_cleaned_IsWeekend__True__False.d91ff75d53"} */
[0m15:57:24.976701 [debug] [Thread-5 (]: Using snowflake connection "test.datasense_dbt.accepted_values_silver_retail_cleaned_is_guest_purchase__True__False.c5ea65a8e5"
[0m15:57:24.977676 [debug] [Thread-4 (]: Opening a new connection, currently in state init
[0m15:57:24.978001 [debug] [Thread-5 (]: On test.datasense_dbt.accepted_values_silver_retail_cleaned_is_guest_purchase__True__False.c5ea65a8e5: select
      count(*) as failures,
      count(*) != 0 as should_warn,
      count(*) != 0 as should_error
    from (
      
    
  
    
    

with all_values as (

    select
        is_guest_purchase as value_field,
        count(*) as n_records

    from DATASENSE_DB.PUBLIC_PUBLIC_SILVER.silver_retail_cleaned
    group by is_guest_purchase

)

select *
from all_values
where value_field not in (
    'True','False'
)



  
  
      
    ) dbt_internal_test
/* {"app": "dbt", "dbt_version": "1.11.11", "profile_name": "datasense_dbt", "target_name": "dev", "node_id": "test.datasense_dbt.accepted_values_silver_retail_cleaned_is_guest_purchase__True__False.c5ea65a8e5"} */
[0m15:57:24.980077 [debug] [Thread-5 (]: Opening a new connection, currently in state init
[0m15:57:25.704316 [debug] [Thread-2 (]: SQL status: SUCCESS 1 in 0.731 seconds
[0m15:57:25.718121 [info ] [Thread-2 (]: 1 of 25 PASS accepted_values_gold_anomaly_features_anomaly_type__revenue_spike__revenue_drop__normal  [[32mPASS[0m in 0.82s]
[0m15:57:25.719123 [debug] [Thread-2 (]: Finished running node test.datasense_dbt.accepted_values_gold_anomaly_features_anomaly_type__revenue_spike__revenue_drop__normal.f5aeecd93d
[0m15:57:25.721521 [debug] [Thread-2 (]: Began running node test.datasense_dbt.dbt_utils_expression_is_true_gold_customer_metrics_total_spend___0.286302fa2b
[0m15:57:25.721521 [info ] [Thread-2 (]: 5 of 25 START test dbt_utils_expression_is_true_gold_customer_metrics_total_spend___0  [RUN]
[0m15:57:25.722521 [debug] [Thread-2 (]: Re-using an available connection from the pool (formerly test.datasense_dbt.accepted_values_gold_anomaly_features_anomaly_type__revenue_spike__revenue_drop__normal.f5aeecd93d, now test.datasense_dbt.dbt_utils_expression_is_true_gold_customer_metrics_total_spend___0.286302fa2b)
[0m15:57:25.722521 [debug] [Thread-2 (]: Began compiling node test.datasense_dbt.dbt_utils_expression_is_true_gold_customer_metrics_total_spend___0.286302fa2b
[0m15:57:25.731874 [debug] [Thread-2 (]: Writing injected SQL for node "test.datasense_dbt.dbt_utils_expression_is_true_gold_customer_metrics_total_spend___0.286302fa2b"
[0m15:57:25.732873 [debug] [Thread-2 (]: Began executing node test.datasense_dbt.dbt_utils_expression_is_true_gold_customer_metrics_total_spend___0.286302fa2b
[0m15:57:25.735874 [debug] [Thread-2 (]: Writing runtime sql for node "test.datasense_dbt.dbt_utils_expression_is_true_gold_customer_metrics_total_spend___0.286302fa2b"
[0m15:57:25.738261 [debug] [Thread-2 (]: Using snowflake connection "test.datasense_dbt.dbt_utils_expression_is_true_gold_customer_metrics_total_spend___0.286302fa2b"
[0m15:57:25.738261 [debug] [Thread-2 (]: On test.datasense_dbt.dbt_utils_expression_is_true_gold_customer_metrics_total_spend___0.286302fa2b: select
      count(*) as failures,
      count(*) != 0 as should_warn,
      count(*) != 0 as should_error
    from (
      
    
  



select
    1
from DATASENSE_DB.PUBLIC_PUBLIC_GOLD.gold_customer_metrics

where not(total_spend > 0)


  
  
      
    ) dbt_internal_test
/* {"app": "dbt", "dbt_version": "1.11.11", "profile_name": "datasense_dbt", "target_name": "dev", "node_id": "test.datasense_dbt.dbt_utils_expression_is_true_gold_customer_metrics_total_spend___0.286302fa2b"} */
[0m15:57:25.762404 [debug] [Thread-3 (]: SQL status: SUCCESS 1 in 0.788 seconds
[0m15:57:25.765500 [info ] [Thread-3 (]: 2 of 25 PASS accepted_values_gold_customer_metrics_customer_segment__VIP__REGULAR__OCCASIONAL  [[32mPASS[0m in 0.87s]
[0m15:57:25.766401 [debug] [Thread-3 (]: Finished running node test.datasense_dbt.accepted_values_gold_customer_metrics_customer_segment__VIP__REGULAR__OCCASIONAL.cc94124980
[0m15:57:25.766401 [debug] [Thread-3 (]: Began running node test.datasense_dbt.dbt_utils_expression_is_true_gold_daily_revenue_total_orders___0.1e1450d4d8
[0m15:57:25.767401 [info ] [Thread-3 (]: 6 of 25 START test dbt_utils_expression_is_true_gold_daily_revenue_total_orders___0  [RUN]
[0m15:57:25.768400 [debug] [Thread-3 (]: Re-using an available connection from the pool (formerly test.datasense_dbt.accepted_values_gold_customer_metrics_customer_segment__VIP__REGULAR__OCCASIONAL.cc94124980, now test.datasense_dbt.dbt_utils_expression_is_true_gold_daily_revenue_total_orders___0.1e1450d4d8)
[0m15:57:25.768400 [debug] [Thread-3 (]: Began compiling node test.datasense_dbt.dbt_utils_expression_is_true_gold_daily_revenue_total_orders___0.1e1450d4d8
[0m15:57:25.773400 [debug] [Thread-3 (]: Writing injected SQL for node "test.datasense_dbt.dbt_utils_expression_is_true_gold_daily_revenue_total_orders___0.1e1450d4d8"
[0m15:57:25.774400 [debug] [Thread-3 (]: Began executing node test.datasense_dbt.dbt_utils_expression_is_true_gold_daily_revenue_total_orders___0.1e1450d4d8
[0m15:57:25.776399 [debug] [Thread-3 (]: Writing runtime sql for node "test.datasense_dbt.dbt_utils_expression_is_true_gold_daily_revenue_total_orders___0.1e1450d4d8"
[0m15:57:25.778399 [debug] [Thread-3 (]: Using snowflake connection "test.datasense_dbt.dbt_utils_expression_is_true_gold_daily_revenue_total_orders___0.1e1450d4d8"
[0m15:57:25.779400 [debug] [Thread-3 (]: On test.datasense_dbt.dbt_utils_expression_is_true_gold_daily_revenue_total_orders___0.1e1450d4d8: select
      count(*) as failures,
      count(*) != 0 as should_warn,
      count(*) != 0 as should_error
    from (
      
    
  



select
    1
from DATASENSE_DB.PUBLIC_PUBLIC_GOLD.gold_daily_revenue

where not(total_orders > 0)


  
  
      
    ) dbt_internal_test
/* {"app": "dbt", "dbt_version": "1.11.11", "profile_name": "datasense_dbt", "target_name": "dev", "node_id": "test.datasense_dbt.dbt_utils_expression_is_true_gold_daily_revenue_total_orders___0.1e1450d4d8"} */
[0m15:57:26.013838 [debug] [Thread-5 (]: SQL status: SUCCESS 1 in 1.033 seconds
[0m15:57:26.015852 [debug] [Thread-3 (]: SQL status: SUCCESS 1 in 0.236 seconds
[0m15:57:26.018850 [info ] [Thread-5 (]: 4 of 25 PASS accepted_values_silver_retail_cleaned_is_guest_purchase__True__False  [[32mPASS[0m in 1.12s]
[0m15:57:26.023220 [debug] [Thread-5 (]: Finished running node test.datasense_dbt.accepted_values_silver_retail_cleaned_is_guest_purchase__True__False.c5ea65a8e5
[0m15:57:26.024124 [debug] [Thread-5 (]: Began running node test.datasense_dbt.dbt_utils_expression_is_true_gold_daily_revenue_total_revenue___0.b59a61bac9
[0m15:57:26.022074 [info ] [Thread-3 (]: 6 of 25 PASS dbt_utils_expression_is_true_gold_daily_revenue_total_orders___0 .. [[32mPASS[0m in 0.25s]
[0m15:57:26.026119 [debug] [Thread-3 (]: Finished running node test.datasense_dbt.dbt_utils_expression_is_true_gold_daily_revenue_total_orders___0.1e1450d4d8
[0m15:57:26.027120 [debug] [Thread-3 (]: Began running node test.datasense_dbt.dbt_utils_expression_is_true_gold_product_velocity_units_sold___0.92f6f917e7
[0m15:57:26.025121 [info ] [Thread-5 (]: 7 of 25 START test dbt_utils_expression_is_true_gold_daily_revenue_total_revenue___0  [RUN]
[0m15:57:26.027120 [debug] [Thread-5 (]: Re-using an available connection from the pool (formerly test.datasense_dbt.accepted_values_silver_retail_cleaned_is_guest_purchase__True__False.c5ea65a8e5, now test.datasense_dbt.dbt_utils_expression_is_true_gold_daily_revenue_total_revenue___0.b59a61bac9)
[0m15:57:26.028626 [debug] [Thread-5 (]: Began compiling node test.datasense_dbt.dbt_utils_expression_is_true_gold_daily_revenue_total_revenue___0.b59a61bac9
[0m15:57:26.033638 [debug] [Thread-5 (]: Writing injected SQL for node "test.datasense_dbt.dbt_utils_expression_is_true_gold_daily_revenue_total_revenue___0.b59a61bac9"
[0m15:57:26.027120 [info ] [Thread-3 (]: 8 of 25 START test dbt_utils_expression_is_true_gold_product_velocity_units_sold___0  [RUN]
[0m15:57:26.034637 [debug] [Thread-3 (]: Re-using an available connection from the pool (formerly test.datasense_dbt.dbt_utils_expression_is_true_gold_daily_revenue_total_orders___0.1e1450d4d8, now test.datasense_dbt.dbt_utils_expression_is_true_gold_product_velocity_units_sold___0.92f6f917e7)
[0m15:57:26.034637 [debug] [Thread-3 (]: Began compiling node test.datasense_dbt.dbt_utils_expression_is_true_gold_product_velocity_units_sold___0.92f6f917e7
[0m15:57:26.037761 [debug] [Thread-3 (]: Writing injected SQL for node "test.datasense_dbt.dbt_utils_expression_is_true_gold_product_velocity_units_sold___0.92f6f917e7"
[0m15:57:26.038747 [debug] [Thread-3 (]: Began executing node test.datasense_dbt.dbt_utils_expression_is_true_gold_product_velocity_units_sold___0.92f6f917e7
[0m15:57:26.041745 [debug] [Thread-3 (]: Writing runtime sql for node "test.datasense_dbt.dbt_utils_expression_is_true_gold_product_velocity_units_sold___0.92f6f917e7"
[0m15:57:26.041745 [debug] [Thread-5 (]: Began executing node test.datasense_dbt.dbt_utils_expression_is_true_gold_daily_revenue_total_revenue___0.b59a61bac9
[0m15:57:26.044636 [debug] [Thread-5 (]: Writing runtime sql for node "test.datasense_dbt.dbt_utils_expression_is_true_gold_daily_revenue_total_revenue___0.b59a61bac9"
[0m15:57:26.045639 [debug] [Thread-3 (]: Using snowflake connection "test.datasense_dbt.dbt_utils_expression_is_true_gold_product_velocity_units_sold___0.92f6f917e7"
[0m15:57:26.045639 [debug] [Thread-3 (]: On test.datasense_dbt.dbt_utils_expression_is_true_gold_product_velocity_units_sold___0.92f6f917e7: select
      count(*) as failures,
      count(*) != 0 as should_warn,
      count(*) != 0 as should_error
    from (
      
    
  



select
    1
from DATASENSE_DB.PUBLIC_PUBLIC_GOLD.gold_product_velocity

where not(units_sold > 0)


  
  
      
    ) dbt_internal_test
/* {"app": "dbt", "dbt_version": "1.11.11", "profile_name": "datasense_dbt", "target_name": "dev", "node_id": "test.datasense_dbt.dbt_utils_expression_is_true_gold_product_velocity_units_sold___0.92f6f917e7"} */
[0m15:57:26.048152 [debug] [Thread-5 (]: Using snowflake connection "test.datasense_dbt.dbt_utils_expression_is_true_gold_daily_revenue_total_revenue___0.b59a61bac9"
[0m15:57:26.048152 [debug] [Thread-5 (]: On test.datasense_dbt.dbt_utils_expression_is_true_gold_daily_revenue_total_revenue___0.b59a61bac9: select
      count(*) as failures,
      count(*) != 0 as should_warn,
      count(*) != 0 as should_error
    from (
      
    
  



select
    1
from DATASENSE_DB.PUBLIC_PUBLIC_GOLD.gold_daily_revenue

where not(total_revenue > 0)


  
  
      
    ) dbt_internal_test
/* {"app": "dbt", "dbt_version": "1.11.11", "profile_name": "datasense_dbt", "target_name": "dev", "node_id": "test.datasense_dbt.dbt_utils_expression_is_true_gold_daily_revenue_total_revenue___0.b59a61bac9"} */
[0m15:57:26.114484 [debug] [Thread-2 (]: SQL status: SUCCESS 1 in 0.376 seconds
[0m15:57:26.118485 [info ] [Thread-2 (]: 5 of 25 PASS dbt_utils_expression_is_true_gold_customer_metrics_total_spend___0  [[32mPASS[0m in 0.40s]
[0m15:57:26.120378 [debug] [Thread-2 (]: Finished running node test.datasense_dbt.dbt_utils_expression_is_true_gold_customer_metrics_total_spend___0.286302fa2b
[0m15:57:26.120378 [debug] [Thread-2 (]: Began running node test.datasense_dbt.dbt_utils_expression_is_true_silver_retail_cleaned_TotalRevenue___0.01f908b3fb
[0m15:57:26.121376 [info ] [Thread-2 (]: 9 of 25 START test dbt_utils_expression_is_true_silver_retail_cleaned_TotalRevenue___0  [RUN]
[0m15:57:26.122376 [debug] [Thread-2 (]: Re-using an available connection from the pool (formerly test.datasense_dbt.dbt_utils_expression_is_true_gold_customer_metrics_total_spend___0.286302fa2b, now test.datasense_dbt.dbt_utils_expression_is_true_silver_retail_cleaned_TotalRevenue___0.01f908b3fb)
[0m15:57:26.123378 [debug] [Thread-2 (]: Began compiling node test.datasense_dbt.dbt_utils_expression_is_true_silver_retail_cleaned_TotalRevenue___0.01f908b3fb
[0m15:57:26.131002 [debug] [Thread-2 (]: Writing injected SQL for node "test.datasense_dbt.dbt_utils_expression_is_true_silver_retail_cleaned_TotalRevenue___0.01f908b3fb"
[0m15:57:26.131991 [debug] [Thread-2 (]: Began executing node test.datasense_dbt.dbt_utils_expression_is_true_silver_retail_cleaned_TotalRevenue___0.01f908b3fb
[0m15:57:26.135897 [debug] [Thread-2 (]: Writing runtime sql for node "test.datasense_dbt.dbt_utils_expression_is_true_silver_retail_cleaned_TotalRevenue___0.01f908b3fb"
[0m15:57:26.137897 [debug] [Thread-2 (]: Using snowflake connection "test.datasense_dbt.dbt_utils_expression_is_true_silver_retail_cleaned_TotalRevenue___0.01f908b3fb"
[0m15:57:26.137897 [debug] [Thread-2 (]: On test.datasense_dbt.dbt_utils_expression_is_true_silver_retail_cleaned_TotalRevenue___0.01f908b3fb: select
      count(*) as failures,
      count(*) != 0 as should_warn,
      count(*) != 0 as should_error
    from (
      
    
  



select
    1
from DATASENSE_DB.PUBLIC_PUBLIC_SILVER.silver_retail_cleaned

where not(TotalRevenue > 0)


  
  
      
    ) dbt_internal_test
/* {"app": "dbt", "dbt_version": "1.11.11", "profile_name": "datasense_dbt", "target_name": "dev", "node_id": "test.datasense_dbt.dbt_utils_expression_is_true_silver_retail_cleaned_TotalRevenue___0.01f908b3fb"} */
[0m15:57:26.256546 [debug] [Thread-4 (]: SQL status: SUCCESS 1 in 1.279 seconds
[0m15:57:26.261647 [info ] [Thread-4 (]: 3 of 25 PASS accepted_values_silver_retail_cleaned_IsWeekend__True__False ...... [[32mPASS[0m in 1.36s]
[0m15:57:26.262763 [debug] [Thread-4 (]: Finished running node test.datasense_dbt.accepted_values_silver_retail_cleaned_IsWeekend__True__False.d91ff75d53
[0m15:57:26.263762 [debug] [Thread-4 (]: Began running node test.datasense_dbt.not_null_bronze_retail_raw_InvoiceDate.8c9ab03aac
[0m15:57:26.264762 [info ] [Thread-4 (]: 10 of 25 START test not_null_bronze_retail_raw_InvoiceDate ..................... [RUN]
[0m15:57:26.265659 [debug] [Thread-4 (]: Re-using an available connection from the pool (formerly test.datasense_dbt.accepted_values_silver_retail_cleaned_IsWeekend__True__False.d91ff75d53, now test.datasense_dbt.not_null_bronze_retail_raw_InvoiceDate.8c9ab03aac)
[0m15:57:26.266759 [debug] [Thread-4 (]: Began compiling node test.datasense_dbt.not_null_bronze_retail_raw_InvoiceDate.8c9ab03aac
[0m15:57:26.273765 [debug] [Thread-4 (]: Writing injected SQL for node "test.datasense_dbt.not_null_bronze_retail_raw_InvoiceDate.8c9ab03aac"
[0m15:57:26.275655 [debug] [Thread-3 (]: SQL status: SUCCESS 1 in 0.229 seconds
[0m15:57:26.277045 [info ] [Thread-3 (]: 8 of 25 PASS dbt_utils_expression_is_true_gold_product_velocity_units_sold___0 . [[32mPASS[0m in 0.24s]
[0m15:57:26.277646 [debug] [Thread-3 (]: Finished running node test.datasense_dbt.dbt_utils_expression_is_true_gold_product_velocity_units_sold___0.92f6f917e7
[0m15:57:26.278841 [debug] [Thread-4 (]: Began executing node test.datasense_dbt.not_null_bronze_retail_raw_InvoiceDate.8c9ab03aac
[0m15:57:26.278841 [debug] [Thread-3 (]: Began running node test.datasense_dbt.not_null_bronze_retail_raw_InvoiceNo.66ff95ecd3
[0m15:57:26.281983 [debug] [Thread-4 (]: Writing runtime sql for node "test.datasense_dbt.not_null_bronze_retail_raw_InvoiceDate.8c9ab03aac"
[0m15:57:26.281983 [info ] [Thread-3 (]: 11 of 25 START test not_null_bronze_retail_raw_InvoiceNo ....................... [RUN]
[0m15:57:26.282984 [debug] [Thread-3 (]: Re-using an available connection from the pool (formerly test.datasense_dbt.dbt_utils_expression_is_true_gold_product_velocity_units_sold___0.92f6f917e7, now test.datasense_dbt.not_null_bronze_retail_raw_InvoiceNo.66ff95ecd3)
[0m15:57:26.282984 [debug] [Thread-3 (]: Began compiling node test.datasense_dbt.not_null_bronze_retail_raw_InvoiceNo.66ff95ecd3
[0m15:57:26.286984 [debug] [Thread-3 (]: Writing injected SQL for node "test.datasense_dbt.not_null_bronze_retail_raw_InvoiceNo.66ff95ecd3"
[0m15:57:26.287984 [debug] [Thread-4 (]: Using snowflake connection "test.datasense_dbt.not_null_bronze_retail_raw_InvoiceDate.8c9ab03aac"
[0m15:57:26.287984 [debug] [Thread-4 (]: On test.datasense_dbt.not_null_bronze_retail_raw_InvoiceDate.8c9ab03aac: select
      count(*) as failures,
      count(*) != 0 as should_warn,
      count(*) != 0 as should_error
    from (
      
    
  
    
    



select InvoiceDate
from DATASENSE_DB.PUBLIC_PUBLIC_BRONZE.bronze_retail_raw
where InvoiceDate is null



  
  
      
    ) dbt_internal_test
/* {"app": "dbt", "dbt_version": "1.11.11", "profile_name": "datasense_dbt", "target_name": "dev", "node_id": "test.datasense_dbt.not_null_bronze_retail_raw_InvoiceDate.8c9ab03aac"} */
[0m15:57:26.289984 [debug] [Thread-3 (]: Began executing node test.datasense_dbt.not_null_bronze_retail_raw_InvoiceNo.66ff95ecd3
[0m15:57:26.291984 [debug] [Thread-3 (]: Writing runtime sql for node "test.datasense_dbt.not_null_bronze_retail_raw_InvoiceNo.66ff95ecd3"
[0m15:57:26.293984 [debug] [Thread-3 (]: Using snowflake connection "test.datasense_dbt.not_null_bronze_retail_raw_InvoiceNo.66ff95ecd3"
[0m15:57:26.293984 [debug] [Thread-3 (]: On test.datasense_dbt.not_null_bronze_retail_raw_InvoiceNo.66ff95ecd3: select
      count(*) as failures,
      count(*) != 0 as should_warn,
      count(*) != 0 as should_error
    from (
      
    
  
    
    



select InvoiceNo
from DATASENSE_DB.PUBLIC_PUBLIC_BRONZE.bronze_retail_raw
where InvoiceNo is null



  
  
      
    ) dbt_internal_test
/* {"app": "dbt", "dbt_version": "1.11.11", "profile_name": "datasense_dbt", "target_name": "dev", "node_id": "test.datasense_dbt.not_null_bronze_retail_raw_InvoiceNo.66ff95ecd3"} */
[0m15:57:26.342892 [debug] [Thread-2 (]: SQL status: SUCCESS 1 in 0.204 seconds
[0m15:57:26.347173 [info ] [Thread-2 (]: 9 of 25 PASS dbt_utils_expression_is_true_silver_retail_cleaned_TotalRevenue___0  [[32mPASS[0m in 0.22s]
[0m15:57:26.348077 [debug] [Thread-2 (]: Finished running node test.datasense_dbt.dbt_utils_expression_is_true_silver_retail_cleaned_TotalRevenue___0.01f908b3fb
[0m15:57:26.349078 [debug] [Thread-2 (]: Began running node test.datasense_dbt.not_null_bronze_retail_raw_StockCode.8c61c0dddd
[0m15:57:26.350075 [info ] [Thread-2 (]: 12 of 25 START test not_null_bronze_retail_raw_StockCode ....................... [RUN]
[0m15:57:26.350075 [debug] [Thread-2 (]: Re-using an available connection from the pool (formerly test.datasense_dbt.dbt_utils_expression_is_true_silver_retail_cleaned_TotalRevenue___0.01f908b3fb, now test.datasense_dbt.not_null_bronze_retail_raw_StockCode.8c61c0dddd)
[0m15:57:26.351075 [debug] [Thread-2 (]: Began compiling node test.datasense_dbt.not_null_bronze_retail_raw_StockCode.8c61c0dddd
[0m15:57:26.452683 [debug] [Thread-2 (]: Writing injected SQL for node "test.datasense_dbt.not_null_bronze_retail_raw_StockCode.8c61c0dddd"
[0m15:57:26.454668 [debug] [Thread-5 (]: SQL status: SUCCESS 1 in 0.406 seconds
[0m15:57:26.456541 [info ] [Thread-5 (]: 7 of 25 PASS dbt_utils_expression_is_true_gold_daily_revenue_total_revenue___0 . [[32mPASS[0m in 0.43s]
[0m15:57:26.458435 [debug] [Thread-5 (]: Finished running node test.datasense_dbt.dbt_utils_expression_is_true_gold_daily_revenue_total_revenue___0.b59a61bac9
[0m15:57:26.458435 [debug] [Thread-5 (]: Began running node test.datasense_dbt.not_null_gold_anomaly_features_sale_date.e0c19fc532
[0m15:57:26.459434 [info ] [Thread-5 (]: 13 of 25 START test not_null_gold_anomaly_features_sale_date ................... [RUN]
[0m15:57:26.459434 [debug] [Thread-5 (]: Re-using an available connection from the pool (formerly test.datasense_dbt.dbt_utils_expression_is_true_gold_daily_revenue_total_revenue___0.b59a61bac9, now test.datasense_dbt.not_null_gold_anomaly_features_sale_date.e0c19fc532)
[0m15:57:26.460434 [debug] [Thread-5 (]: Began compiling node test.datasense_dbt.not_null_gold_anomaly_features_sale_date.e0c19fc532
[0m15:57:26.464545 [debug] [Thread-5 (]: Writing injected SQL for node "test.datasense_dbt.not_null_gold_anomaly_features_sale_date.e0c19fc532"
[0m15:57:26.465434 [debug] [Thread-2 (]: Began executing node test.datasense_dbt.not_null_bronze_retail_raw_StockCode.8c61c0dddd
[0m15:57:26.468433 [debug] [Thread-2 (]: Writing runtime sql for node "test.datasense_dbt.not_null_bronze_retail_raw_StockCode.8c61c0dddd"
[0m15:57:26.468433 [debug] [Thread-4 (]: SQL status: SUCCESS 1 in 0.180 seconds
[0m15:57:26.470551 [info ] [Thread-4 (]: 10 of 25 PASS not_null_bronze_retail_raw_InvoiceDate ........................... [[32mPASS[0m in 0.20s]
[0m15:57:26.471434 [debug] [Thread-5 (]: Began executing node test.datasense_dbt.not_null_gold_anomaly_features_sale_date.e0c19fc532
[0m15:57:26.471434 [debug] [Thread-4 (]: Finished running node test.datasense_dbt.not_null_bronze_retail_raw_InvoiceDate.8c9ab03aac
[0m15:57:26.474433 [debug] [Thread-5 (]: Writing runtime sql for node "test.datasense_dbt.not_null_gold_anomaly_features_sale_date.e0c19fc532"
[0m15:57:26.475491 [debug] [Thread-4 (]: Began running node test.datasense_dbt.not_null_gold_customer_metrics_CustomerID.c3a1e1001c
[0m15:57:26.476434 [debug] [Thread-2 (]: Using snowflake connection "test.datasense_dbt.not_null_bronze_retail_raw_StockCode.8c61c0dddd"
[0m15:57:26.477434 [debug] [Thread-5 (]: Using snowflake connection "test.datasense_dbt.not_null_gold_anomaly_features_sale_date.e0c19fc532"
[0m15:57:26.476434 [info ] [Thread-4 (]: 14 of 25 START test not_null_gold_customer_metrics_CustomerID .................. [RUN]
[0m15:57:26.478434 [debug] [Thread-2 (]: On test.datasense_dbt.not_null_bronze_retail_raw_StockCode.8c61c0dddd: select
      count(*) as failures,
      count(*) != 0 as should_warn,
      count(*) != 0 as should_error
    from (
      
    
  
    
    



select StockCode
from DATASENSE_DB.PUBLIC_PUBLIC_BRONZE.bronze_retail_raw
where StockCode is null



  
  
      
    ) dbt_internal_test
/* {"app": "dbt", "dbt_version": "1.11.11", "profile_name": "datasense_dbt", "target_name": "dev", "node_id": "test.datasense_dbt.not_null_bronze_retail_raw_StockCode.8c61c0dddd"} */
[0m15:57:26.479433 [debug] [Thread-5 (]: On test.datasense_dbt.not_null_gold_anomaly_features_sale_date.e0c19fc532: select
      count(*) as failures,
      count(*) != 0 as should_warn,
      count(*) != 0 as should_error
    from (
      
    
  
    
    



select sale_date
from DATASENSE_DB.PUBLIC_PUBLIC_GOLD.gold_anomaly_features
where sale_date is null



  
  
      
    ) dbt_internal_test
/* {"app": "dbt", "dbt_version": "1.11.11", "profile_name": "datasense_dbt", "target_name": "dev", "node_id": "test.datasense_dbt.not_null_gold_anomaly_features_sale_date.e0c19fc532"} */
[0m15:57:26.480434 [debug] [Thread-4 (]: Re-using an available connection from the pool (formerly test.datasense_dbt.not_null_bronze_retail_raw_InvoiceDate.8c9ab03aac, now test.datasense_dbt.not_null_gold_customer_metrics_CustomerID.c3a1e1001c)
[0m15:57:26.482434 [debug] [Thread-4 (]: Began compiling node test.datasense_dbt.not_null_gold_customer_metrics_CustomerID.c3a1e1001c
[0m15:57:26.486440 [debug] [Thread-4 (]: Writing injected SQL for node "test.datasense_dbt.not_null_gold_customer_metrics_CustomerID.c3a1e1001c"
[0m15:57:26.487459 [debug] [Thread-4 (]: Began executing node test.datasense_dbt.not_null_gold_customer_metrics_CustomerID.c3a1e1001c
[0m15:57:26.490460 [debug] [Thread-4 (]: Writing runtime sql for node "test.datasense_dbt.not_null_gold_customer_metrics_CustomerID.c3a1e1001c"
[0m15:57:26.492460 [debug] [Thread-3 (]: SQL status: SUCCESS 1 in 0.197 seconds
[0m15:57:26.493559 [info ] [Thread-3 (]: 11 of 25 PASS not_null_bronze_retail_raw_InvoiceNo ............................. [[32mPASS[0m in 0.21s]
[0m15:57:26.494486 [debug] [Thread-3 (]: Finished running node test.datasense_dbt.not_null_bronze_retail_raw_InvoiceNo.66ff95ecd3
[0m15:57:26.495460 [debug] [Thread-3 (]: Began running node test.datasense_dbt.not_null_gold_customer_metrics_total_spend.4bfdfd0c38
[0m15:57:26.495460 [info ] [Thread-3 (]: 15 of 25 START test not_null_gold_customer_metrics_total_spend ................. [RUN]
[0m15:57:26.496461 [debug] [Thread-3 (]: Re-using an available connection from the pool (formerly test.datasense_dbt.not_null_bronze_retail_raw_InvoiceNo.66ff95ecd3, now test.datasense_dbt.not_null_gold_customer_metrics_total_spend.4bfdfd0c38)
[0m15:57:26.497463 [debug] [Thread-3 (]: Began compiling node test.datasense_dbt.not_null_gold_customer_metrics_total_spend.4bfdfd0c38
[0m15:57:26.501460 [debug] [Thread-3 (]: Writing injected SQL for node "test.datasense_dbt.not_null_gold_customer_metrics_total_spend.4bfdfd0c38"
[0m15:57:26.501460 [debug] [Thread-4 (]: Using snowflake connection "test.datasense_dbt.not_null_gold_customer_metrics_CustomerID.c3a1e1001c"
[0m15:57:26.502587 [debug] [Thread-4 (]: On test.datasense_dbt.not_null_gold_customer_metrics_CustomerID.c3a1e1001c: select
      count(*) as failures,
      count(*) != 0 as should_warn,
      count(*) != 0 as should_error
    from (
      
    
  
    
    



select CustomerID
from DATASENSE_DB.PUBLIC_PUBLIC_GOLD.gold_customer_metrics
where CustomerID is null



  
  
      
    ) dbt_internal_test
/* {"app": "dbt", "dbt_version": "1.11.11", "profile_name": "datasense_dbt", "target_name": "dev", "node_id": "test.datasense_dbt.not_null_gold_customer_metrics_CustomerID.c3a1e1001c"} */
[0m15:57:26.504075 [debug] [Thread-3 (]: Began executing node test.datasense_dbt.not_null_gold_customer_metrics_total_spend.4bfdfd0c38
[0m15:57:26.507095 [debug] [Thread-3 (]: Writing runtime sql for node "test.datasense_dbt.not_null_gold_customer_metrics_total_spend.4bfdfd0c38"
[0m15:57:26.508097 [debug] [Thread-3 (]: Using snowflake connection "test.datasense_dbt.not_null_gold_customer_metrics_total_spend.4bfdfd0c38"
[0m15:57:26.508097 [debug] [Thread-3 (]: On test.datasense_dbt.not_null_gold_customer_metrics_total_spend.4bfdfd0c38: select
      count(*) as failures,
      count(*) != 0 as should_warn,
      count(*) != 0 as should_error
    from (
      
    
  
    
    



select total_spend
from DATASENSE_DB.PUBLIC_PUBLIC_GOLD.gold_customer_metrics
where total_spend is null



  
  
      
    ) dbt_internal_test
/* {"app": "dbt", "dbt_version": "1.11.11", "profile_name": "datasense_dbt", "target_name": "dev", "node_id": "test.datasense_dbt.not_null_gold_customer_metrics_total_spend.4bfdfd0c38"} */
[0m15:57:26.663201 [debug] [Thread-5 (]: SQL status: SUCCESS 1 in 0.182 seconds
[0m15:57:26.668560 [info ] [Thread-5 (]: 13 of 25 PASS not_null_gold_anomaly_features_sale_date ......................... [[32mPASS[0m in 0.21s]
[0m15:57:26.669426 [debug] [Thread-5 (]: Finished running node test.datasense_dbt.not_null_gold_anomaly_features_sale_date.e0c19fc532
[0m15:57:26.670566 [debug] [Thread-5 (]: Began running node test.datasense_dbt.not_null_gold_daily_revenue_sale_date.ec2bdf8373
[0m15:57:26.671584 [info ] [Thread-5 (]: 16 of 25 START test not_null_gold_daily_revenue_sale_date ...................... [RUN]
[0m15:57:26.672468 [debug] [Thread-5 (]: Re-using an available connection from the pool (formerly test.datasense_dbt.not_null_gold_anomaly_features_sale_date.e0c19fc532, now test.datasense_dbt.not_null_gold_daily_revenue_sale_date.ec2bdf8373)
[0m15:57:26.672468 [debug] [Thread-5 (]: Began compiling node test.datasense_dbt.not_null_gold_daily_revenue_sale_date.ec2bdf8373
[0m15:57:26.677923 [debug] [Thread-5 (]: Writing injected SQL for node "test.datasense_dbt.not_null_gold_daily_revenue_sale_date.ec2bdf8373"
[0m15:57:26.678950 [debug] [Thread-5 (]: Began executing node test.datasense_dbt.not_null_gold_daily_revenue_sale_date.ec2bdf8373
[0m15:57:26.681902 [debug] [Thread-5 (]: Writing runtime sql for node "test.datasense_dbt.not_null_gold_daily_revenue_sale_date.ec2bdf8373"
[0m15:57:26.682903 [debug] [Thread-4 (]: SQL status: SUCCESS 1 in 0.181 seconds
[0m15:57:26.686157 [debug] [Thread-5 (]: Using snowflake connection "test.datasense_dbt.not_null_gold_daily_revenue_sale_date.ec2bdf8373"
[0m15:57:26.686157 [debug] [Thread-5 (]: On test.datasense_dbt.not_null_gold_daily_revenue_sale_date.ec2bdf8373: select
      count(*) as failures,
      count(*) != 0 as should_warn,
      count(*) != 0 as should_error
    from (
      
    
  
    
    



select sale_date
from DATASENSE_DB.PUBLIC_PUBLIC_GOLD.gold_daily_revenue
where sale_date is null



  
  
      
    ) dbt_internal_test
/* {"app": "dbt", "dbt_version": "1.11.11", "profile_name": "datasense_dbt", "target_name": "dev", "node_id": "test.datasense_dbt.not_null_gold_daily_revenue_sale_date.ec2bdf8373"} */
[0m15:57:26.685213 [info ] [Thread-4 (]: 14 of 25 PASS not_null_gold_customer_metrics_CustomerID ........................ [[32mPASS[0m in 0.21s]
[0m15:57:26.687655 [debug] [Thread-4 (]: Finished running node test.datasense_dbt.not_null_gold_customer_metrics_CustomerID.c3a1e1001c
[0m15:57:26.688771 [debug] [Thread-4 (]: Began running node test.datasense_dbt.not_null_gold_daily_revenue_total_revenue.27540968f5
[0m15:57:26.688771 [info ] [Thread-4 (]: 17 of 25 START test not_null_gold_daily_revenue_total_revenue .................. [RUN]
[0m15:57:26.689749 [debug] [Thread-4 (]: Re-using an available connection from the pool (formerly test.datasense_dbt.not_null_gold_customer_metrics_CustomerID.c3a1e1001c, now test.datasense_dbt.not_null_gold_daily_revenue_total_revenue.27540968f5)
[0m15:57:26.689749 [debug] [Thread-4 (]: Began compiling node test.datasense_dbt.not_null_gold_daily_revenue_total_revenue.27540968f5
[0m15:57:26.694667 [debug] [Thread-4 (]: Writing injected SQL for node "test.datasense_dbt.not_null_gold_daily_revenue_total_revenue.27540968f5"
[0m15:57:26.696665 [debug] [Thread-4 (]: Began executing node test.datasense_dbt.not_null_gold_daily_revenue_total_revenue.27540968f5
[0m15:57:26.699757 [debug] [Thread-4 (]: Writing runtime sql for node "test.datasense_dbt.not_null_gold_daily_revenue_total_revenue.27540968f5"
[0m15:57:26.700766 [debug] [Thread-4 (]: Using snowflake connection "test.datasense_dbt.not_null_gold_daily_revenue_total_revenue.27540968f5"
[0m15:57:26.700766 [debug] [Thread-4 (]: On test.datasense_dbt.not_null_gold_daily_revenue_total_revenue.27540968f5: select
      count(*) as failures,
      count(*) != 0 as should_warn,
      count(*) != 0 as should_error
    from (
      
    
  
    
    



select total_revenue
from DATASENSE_DB.PUBLIC_PUBLIC_GOLD.gold_daily_revenue
where total_revenue is null



  
  
      
    ) dbt_internal_test
/* {"app": "dbt", "dbt_version": "1.11.11", "profile_name": "datasense_dbt", "target_name": "dev", "node_id": "test.datasense_dbt.not_null_gold_daily_revenue_total_revenue.27540968f5"} */
[0m15:57:26.797124 [debug] [Thread-3 (]: SQL status: SUCCESS 1 in 0.289 seconds
[0m15:57:26.805121 [debug] [Thread-2 (]: SQL status: SUCCESS 1 in 0.325 seconds
[0m15:57:26.803123 [info ] [Thread-3 (]: 15 of 25 PASS not_null_gold_customer_metrics_total_spend ....................... [[32mPASS[0m in 0.31s]
[0m15:57:26.809118 [debug] [Thread-3 (]: Finished running node test.datasense_dbt.not_null_gold_customer_metrics_total_spend.4bfdfd0c38
[0m15:57:26.810118 [debug] [Thread-3 (]: Began running node test.datasense_dbt.not_null_gold_product_velocity_StockCode.685b2e697d
[0m15:57:26.808119 [info ] [Thread-2 (]: 12 of 25 PASS not_null_bronze_retail_raw_StockCode ............................. [[32mPASS[0m in 0.46s]
[0m15:57:26.812145 [debug] [Thread-2 (]: Finished running node test.datasense_dbt.not_null_bronze_retail_raw_StockCode.8c61c0dddd
[0m15:57:26.812145 [debug] [Thread-2 (]: Began running node test.datasense_dbt.not_null_gold_product_velocity_units_sold.c69e7d85d7
[0m15:57:26.810118 [info ] [Thread-3 (]: 18 of 25 START test not_null_gold_product_velocity_StockCode ................... [RUN]
[0m15:57:26.813175 [info ] [Thread-2 (]: 19 of 25 START test not_null_gold_product_velocity_units_sold .................. [RUN]
[0m15:57:26.814175 [debug] [Thread-3 (]: Re-using an available connection from the pool (formerly test.datasense_dbt.not_null_gold_customer_metrics_total_spend.4bfdfd0c38, now test.datasense_dbt.not_null_gold_product_velocity_StockCode.685b2e697d)
[0m15:57:26.815217 [debug] [Thread-2 (]: Re-using an available connection from the pool (formerly test.datasense_dbt.not_null_bronze_retail_raw_StockCode.8c61c0dddd, now test.datasense_dbt.not_null_gold_product_velocity_units_sold.c69e7d85d7)
[0m15:57:26.815217 [debug] [Thread-3 (]: Began compiling node test.datasense_dbt.not_null_gold_product_velocity_StockCode.685b2e697d
[0m15:57:26.815217 [debug] [Thread-2 (]: Began compiling node test.datasense_dbt.not_null_gold_product_velocity_units_sold.c69e7d85d7
[0m15:57:26.819222 [debug] [Thread-3 (]: Writing injected SQL for node "test.datasense_dbt.not_null_gold_product_velocity_StockCode.685b2e697d"
[0m15:57:26.823276 [debug] [Thread-2 (]: Writing injected SQL for node "test.datasense_dbt.not_null_gold_product_velocity_units_sold.c69e7d85d7"
[0m15:57:26.824174 [debug] [Thread-3 (]: Began executing node test.datasense_dbt.not_null_gold_product_velocity_StockCode.685b2e697d
[0m15:57:26.826230 [debug] [Thread-3 (]: Writing runtime sql for node "test.datasense_dbt.not_null_gold_product_velocity_StockCode.685b2e697d"
[0m15:57:26.828179 [debug] [Thread-3 (]: Using snowflake connection "test.datasense_dbt.not_null_gold_product_velocity_StockCode.685b2e697d"
[0m15:57:26.828179 [debug] [Thread-2 (]: Began executing node test.datasense_dbt.not_null_gold_product_velocity_units_sold.c69e7d85d7
[0m15:57:26.828179 [debug] [Thread-3 (]: On test.datasense_dbt.not_null_gold_product_velocity_StockCode.685b2e697d: select
      count(*) as failures,
      count(*) != 0 as should_warn,
      count(*) != 0 as should_error
    from (
      
    
  
    
    



select StockCode
from DATASENSE_DB.PUBLIC_PUBLIC_GOLD.gold_product_velocity
where StockCode is null



  
  
      
    ) dbt_internal_test
/* {"app": "dbt", "dbt_version": "1.11.11", "profile_name": "datasense_dbt", "target_name": "dev", "node_id": "test.datasense_dbt.not_null_gold_product_velocity_StockCode.685b2e697d"} */
[0m15:57:26.832919 [debug] [Thread-2 (]: Writing runtime sql for node "test.datasense_dbt.not_null_gold_product_velocity_units_sold.c69e7d85d7"
[0m15:57:26.836021 [debug] [Thread-2 (]: Using snowflake connection "test.datasense_dbt.not_null_gold_product_velocity_units_sold.c69e7d85d7"
[0m15:57:26.836021 [debug] [Thread-2 (]: On test.datasense_dbt.not_null_gold_product_velocity_units_sold.c69e7d85d7: select
      count(*) as failures,
      count(*) != 0 as should_warn,
      count(*) != 0 as should_error
    from (
      
    
  
    
    



select units_sold
from DATASENSE_DB.PUBLIC_PUBLIC_GOLD.gold_product_velocity
where units_sold is null



  
  
      
    ) dbt_internal_test
/* {"app": "dbt", "dbt_version": "1.11.11", "profile_name": "datasense_dbt", "target_name": "dev", "node_id": "test.datasense_dbt.not_null_gold_product_velocity_units_sold.c69e7d85d7"} */
[0m15:57:26.949726 [debug] [Thread-2 (]: SQL status: SUCCESS 1 in 0.113 seconds
[0m15:57:26.952727 [debug] [Thread-3 (]: SQL status: SUCCESS 1 in 0.119 seconds
[0m15:57:26.953726 [debug] [Thread-5 (]: SQL status: SUCCESS 1 in 0.267 seconds
[0m15:57:26.957724 [info ] [Thread-2 (]: 19 of 25 PASS not_null_gold_product_velocity_units_sold ........................ [[32mPASS[0m in 0.14s]
[0m15:57:26.962720 [debug] [Thread-2 (]: Finished running node test.datasense_dbt.not_null_gold_product_velocity_units_sold.c69e7d85d7
[0m15:57:26.962720 [debug] [Thread-2 (]: Began running node test.datasense_dbt.not_null_silver_retail_cleaned_CustomerID.7d2c64ce79
[0m15:57:26.959722 [info ] [Thread-3 (]: 18 of 25 PASS not_null_gold_product_velocity_StockCode ......................... [[32mPASS[0m in 0.15s]
[0m15:57:26.963719 [debug] [Thread-3 (]: Finished running node test.datasense_dbt.not_null_gold_product_velocity_StockCode.685b2e697d
[0m15:57:26.964766 [debug] [Thread-3 (]: Began running node test.datasense_dbt.not_null_silver_retail_cleaned_InvoiceDate.3faa240dd4
[0m15:57:26.962720 [info ] [Thread-5 (]: 16 of 25 PASS not_null_gold_daily_revenue_sale_date ............................ [[32mPASS[0m in 0.29s]
[0m15:57:26.965720 [debug] [Thread-5 (]: Finished running node test.datasense_dbt.not_null_gold_daily_revenue_sale_date.ec2bdf8373
[0m15:57:26.963719 [info ] [Thread-2 (]: 20 of 25 START test not_null_silver_retail_cleaned_CustomerID .................. [RUN]
[0m15:57:26.965720 [debug] [Thread-5 (]: Began running node test.datasense_dbt.not_null_silver_retail_cleaned_IsWeekend.0406bb8b14
[0m15:57:26.964766 [info ] [Thread-3 (]: 21 of 25 START test not_null_silver_retail_cleaned_InvoiceDate ................. [RUN]
[0m15:57:26.966719 [debug] [Thread-2 (]: Re-using an available connection from the pool (formerly test.datasense_dbt.not_null_gold_product_velocity_units_sold.c69e7d85d7, now test.datasense_dbt.not_null_silver_retail_cleaned_CustomerID.7d2c64ce79)
[0m15:57:26.967720 [info ] [Thread-5 (]: 22 of 25 START test not_null_silver_retail_cleaned_IsWeekend ................... [RUN]
[0m15:57:26.967720 [debug] [Thread-3 (]: Re-using an available connection from the pool (formerly test.datasense_dbt.not_null_gold_product_velocity_StockCode.685b2e697d, now test.datasense_dbt.not_null_silver_retail_cleaned_InvoiceDate.3faa240dd4)
[0m15:57:26.967720 [debug] [Thread-2 (]: Began compiling node test.datasense_dbt.not_null_silver_retail_cleaned_CustomerID.7d2c64ce79
[0m15:57:26.968719 [debug] [Thread-5 (]: Re-using an available connection from the pool (formerly test.datasense_dbt.not_null_gold_daily_revenue_sale_date.ec2bdf8373, now test.datasense_dbt.not_null_silver_retail_cleaned_IsWeekend.0406bb8b14)
[0m15:57:26.968719 [debug] [Thread-3 (]: Began compiling node test.datasense_dbt.not_null_silver_retail_cleaned_InvoiceDate.3faa240dd4
[0m15:57:26.972734 [debug] [Thread-2 (]: Writing injected SQL for node "test.datasense_dbt.not_null_silver_retail_cleaned_CustomerID.7d2c64ce79"
[0m15:57:26.973719 [debug] [Thread-5 (]: Began compiling node test.datasense_dbt.not_null_silver_retail_cleaned_IsWeekend.0406bb8b14
[0m15:57:26.976719 [debug] [Thread-3 (]: Writing injected SQL for node "test.datasense_dbt.not_null_silver_retail_cleaned_InvoiceDate.3faa240dd4"
[0m15:57:26.981923 [debug] [Thread-5 (]: Writing injected SQL for node "test.datasense_dbt.not_null_silver_retail_cleaned_IsWeekend.0406bb8b14"
[0m15:57:26.982877 [debug] [Thread-2 (]: Began executing node test.datasense_dbt.not_null_silver_retail_cleaned_CustomerID.7d2c64ce79
[0m15:57:26.985896 [debug] [Thread-2 (]: Writing runtime sql for node "test.datasense_dbt.not_null_silver_retail_cleaned_CustomerID.7d2c64ce79"
[0m15:57:26.985896 [debug] [Thread-3 (]: Began executing node test.datasense_dbt.not_null_silver_retail_cleaned_InvoiceDate.3faa240dd4
[0m15:57:26.989712 [debug] [Thread-3 (]: Writing runtime sql for node "test.datasense_dbt.not_null_silver_retail_cleaned_InvoiceDate.3faa240dd4"
[0m15:57:26.990604 [debug] [Thread-5 (]: Began executing node test.datasense_dbt.not_null_silver_retail_cleaned_IsWeekend.0406bb8b14
[0m15:57:26.992604 [debug] [Thread-5 (]: Writing runtime sql for node "test.datasense_dbt.not_null_silver_retail_cleaned_IsWeekend.0406bb8b14"
[0m15:57:26.993603 [debug] [Thread-2 (]: Using snowflake connection "test.datasense_dbt.not_null_silver_retail_cleaned_CustomerID.7d2c64ce79"
[0m15:57:26.994603 [debug] [Thread-2 (]: On test.datasense_dbt.not_null_silver_retail_cleaned_CustomerID.7d2c64ce79: select
      count(*) as failures,
      count(*) != 0 as should_warn,
      count(*) != 0 as should_error
    from (
      
    
  
    
    



select CustomerID
from DATASENSE_DB.PUBLIC_PUBLIC_SILVER.silver_retail_cleaned
where CustomerID is null



  
  
      
    ) dbt_internal_test
/* {"app": "dbt", "dbt_version": "1.11.11", "profile_name": "datasense_dbt", "target_name": "dev", "node_id": "test.datasense_dbt.not_null_silver_retail_cleaned_CustomerID.7d2c64ce79"} */
[0m15:57:26.996766 [debug] [Thread-3 (]: Using snowflake connection "test.datasense_dbt.not_null_silver_retail_cleaned_InvoiceDate.3faa240dd4"
[0m15:57:26.997765 [debug] [Thread-3 (]: On test.datasense_dbt.not_null_silver_retail_cleaned_InvoiceDate.3faa240dd4: select
      count(*) as failures,
      count(*) != 0 as should_warn,
      count(*) != 0 as should_error
    from (
      
    
  
    
    



select InvoiceDate
from DATASENSE_DB.PUBLIC_PUBLIC_SILVER.silver_retail_cleaned
where InvoiceDate is null



  
  
      
    ) dbt_internal_test
/* {"app": "dbt", "dbt_version": "1.11.11", "profile_name": "datasense_dbt", "target_name": "dev", "node_id": "test.datasense_dbt.not_null_silver_retail_cleaned_InvoiceDate.3faa240dd4"} */
[0m15:57:26.999764 [debug] [Thread-5 (]: Using snowflake connection "test.datasense_dbt.not_null_silver_retail_cleaned_IsWeekend.0406bb8b14"
[0m15:57:26.999764 [debug] [Thread-5 (]: On test.datasense_dbt.not_null_silver_retail_cleaned_IsWeekend.0406bb8b14: select
      count(*) as failures,
      count(*) != 0 as should_warn,
      count(*) != 0 as should_error
    from (
      
    
  
    
    



select IsWeekend
from DATASENSE_DB.PUBLIC_PUBLIC_SILVER.silver_retail_cleaned
where IsWeekend is null



  
  
      
    ) dbt_internal_test
/* {"app": "dbt", "dbt_version": "1.11.11", "profile_name": "datasense_dbt", "target_name": "dev", "node_id": "test.datasense_dbt.not_null_silver_retail_cleaned_IsWeekend.0406bb8b14"} */
[0m15:57:27.096144 [debug] [Thread-2 (]: SQL status: SUCCESS 1 in 0.102 seconds
[0m15:57:27.101174 [info ] [Thread-2 (]: 20 of 25 PASS not_null_silver_retail_cleaned_CustomerID ........................ [[32mPASS[0m in 0.13s]
[0m15:57:27.102076 [debug] [Thread-2 (]: Finished running node test.datasense_dbt.not_null_silver_retail_cleaned_CustomerID.7d2c64ce79
[0m15:57:27.103178 [debug] [Thread-2 (]: Began running node test.datasense_dbt.not_null_silver_retail_cleaned_StockCode.1e229e5557
[0m15:57:27.104075 [info ] [Thread-2 (]: 23 of 25 START test not_null_silver_retail_cleaned_StockCode ................... [RUN]
[0m15:57:27.105146 [debug] [Thread-2 (]: Re-using an available connection from the pool (formerly test.datasense_dbt.not_null_silver_retail_cleaned_CustomerID.7d2c64ce79, now test.datasense_dbt.not_null_silver_retail_cleaned_StockCode.1e229e5557)
[0m15:57:27.105146 [debug] [Thread-2 (]: Began compiling node test.datasense_dbt.not_null_silver_retail_cleaned_StockCode.1e229e5557
[0m15:57:27.110829 [debug] [Thread-2 (]: Writing injected SQL for node "test.datasense_dbt.not_null_silver_retail_cleaned_StockCode.1e229e5557"
[0m15:57:27.111830 [debug] [Thread-2 (]: Began executing node test.datasense_dbt.not_null_silver_retail_cleaned_StockCode.1e229e5557
[0m15:57:27.114828 [debug] [Thread-2 (]: Writing runtime sql for node "test.datasense_dbt.not_null_silver_retail_cleaned_StockCode.1e229e5557"
[0m15:57:27.115828 [debug] [Thread-2 (]: Using snowflake connection "test.datasense_dbt.not_null_silver_retail_cleaned_StockCode.1e229e5557"
[0m15:57:27.116829 [debug] [Thread-2 (]: On test.datasense_dbt.not_null_silver_retail_cleaned_StockCode.1e229e5557: select
      count(*) as failures,
      count(*) != 0 as should_warn,
      count(*) != 0 as should_error
    from (
      
    
  
    
    



select StockCode
from DATASENSE_DB.PUBLIC_PUBLIC_SILVER.silver_retail_cleaned
where StockCode is null



  
  
      
    ) dbt_internal_test
/* {"app": "dbt", "dbt_version": "1.11.11", "profile_name": "datasense_dbt", "target_name": "dev", "node_id": "test.datasense_dbt.not_null_silver_retail_cleaned_StockCode.1e229e5557"} */
[0m15:57:27.215535 [debug] [Thread-5 (]: SQL status: SUCCESS 1 in 0.214 seconds
[0m15:57:27.219632 [info ] [Thread-5 (]: 22 of 25 PASS not_null_silver_retail_cleaned_IsWeekend ......................... [[32mPASS[0m in 0.25s]
[0m15:57:27.221530 [debug] [Thread-5 (]: Finished running node test.datasense_dbt.not_null_silver_retail_cleaned_IsWeekend.0406bb8b14
[0m15:57:27.221530 [debug] [Thread-5 (]: Began running node test.datasense_dbt.not_null_silver_retail_cleaned_TotalRevenue.2f6aa7e095
[0m15:57:27.222525 [info ] [Thread-5 (]: 24 of 25 START test not_null_silver_retail_cleaned_TotalRevenue ................ [RUN]
[0m15:57:27.223531 [debug] [Thread-5 (]: Re-using an available connection from the pool (formerly test.datasense_dbt.not_null_silver_retail_cleaned_IsWeekend.0406bb8b14, now test.datasense_dbt.not_null_silver_retail_cleaned_TotalRevenue.2f6aa7e095)
[0m15:57:27.224529 [debug] [Thread-5 (]: Began compiling node test.datasense_dbt.not_null_silver_retail_cleaned_TotalRevenue.2f6aa7e095
[0m15:57:27.235800 [debug] [Thread-5 (]: Writing injected SQL for node "test.datasense_dbt.not_null_silver_retail_cleaned_TotalRevenue.2f6aa7e095"
[0m15:57:27.237970 [debug] [Thread-5 (]: Began executing node test.datasense_dbt.not_null_silver_retail_cleaned_TotalRevenue.2f6aa7e095
[0m15:57:27.239978 [debug] [Thread-5 (]: Writing runtime sql for node "test.datasense_dbt.not_null_silver_retail_cleaned_TotalRevenue.2f6aa7e095"
[0m15:57:27.241984 [debug] [Thread-5 (]: Using snowflake connection "test.datasense_dbt.not_null_silver_retail_cleaned_TotalRevenue.2f6aa7e095"
[0m15:57:27.241984 [debug] [Thread-5 (]: On test.datasense_dbt.not_null_silver_retail_cleaned_TotalRevenue.2f6aa7e095: select
      count(*) as failures,
      count(*) != 0 as should_warn,
      count(*) != 0 as should_error
    from (
      
    
  
    
    



select TotalRevenue
from DATASENSE_DB.PUBLIC_PUBLIC_SILVER.silver_retail_cleaned
where TotalRevenue is null



  
  
      
    ) dbt_internal_test
/* {"app": "dbt", "dbt_version": "1.11.11", "profile_name": "datasense_dbt", "target_name": "dev", "node_id": "test.datasense_dbt.not_null_silver_retail_cleaned_TotalRevenue.2f6aa7e095"} */
[0m15:57:27.362333 [debug] [Thread-5 (]: SQL status: SUCCESS 1 in 0.127 seconds
[0m15:57:27.362333 [info ] [Thread-5 (]: 24 of 25 PASS not_null_silver_retail_cleaned_TotalRevenue ...................... [[32mPASS[0m in 0.14s]
[0m15:57:27.362333 [debug] [Thread-5 (]: Finished running node test.datasense_dbt.not_null_silver_retail_cleaned_TotalRevenue.2f6aa7e095
[0m15:57:27.362333 [debug] [Thread-5 (]: Began running node test.datasense_dbt.not_null_silver_retail_cleaned_is_guest_purchase.16a50943f5
[0m15:57:27.377712 [info ] [Thread-5 (]: 25 of 25 START test not_null_silver_retail_cleaned_is_guest_purchase ........... [RUN]
[0m15:57:27.379174 [debug] [Thread-5 (]: Re-using an available connection from the pool (formerly test.datasense_dbt.not_null_silver_retail_cleaned_TotalRevenue.2f6aa7e095, now test.datasense_dbt.not_null_silver_retail_cleaned_is_guest_purchase.16a50943f5)
[0m15:57:27.380333 [debug] [Thread-5 (]: Began compiling node test.datasense_dbt.not_null_silver_retail_cleaned_is_guest_purchase.16a50943f5
[0m15:57:27.385452 [debug] [Thread-5 (]: Writing injected SQL for node "test.datasense_dbt.not_null_silver_retail_cleaned_is_guest_purchase.16a50943f5"
[0m15:57:27.385452 [debug] [Thread-5 (]: Began executing node test.datasense_dbt.not_null_silver_retail_cleaned_is_guest_purchase.16a50943f5
[0m15:57:27.388454 [debug] [Thread-5 (]: Writing runtime sql for node "test.datasense_dbt.not_null_silver_retail_cleaned_is_guest_purchase.16a50943f5"
[0m15:57:27.389333 [debug] [Thread-5 (]: Using snowflake connection "test.datasense_dbt.not_null_silver_retail_cleaned_is_guest_purchase.16a50943f5"
[0m15:57:27.389333 [debug] [Thread-5 (]: On test.datasense_dbt.not_null_silver_retail_cleaned_is_guest_purchase.16a50943f5: select
      count(*) as failures,
      count(*) != 0 as should_warn,
      count(*) != 0 as should_error
    from (
      
    
  
    
    



select is_guest_purchase
from DATASENSE_DB.PUBLIC_PUBLIC_SILVER.silver_retail_cleaned
where is_guest_purchase is null



  
  
      
    ) dbt_internal_test
/* {"app": "dbt", "dbt_version": "1.11.11", "profile_name": "datasense_dbt", "target_name": "dev", "node_id": "test.datasense_dbt.not_null_silver_retail_cleaned_is_guest_purchase.16a50943f5"} */
[0m15:57:27.432389 [debug] [Thread-2 (]: SQL status: SUCCESS 1 in 0.315 seconds
[0m15:57:27.436388 [info ] [Thread-2 (]: 23 of 25 PASS not_null_silver_retail_cleaned_StockCode ......................... [[32mPASS[0m in 0.33s]
[0m15:57:27.438388 [debug] [Thread-2 (]: Finished running node test.datasense_dbt.not_null_silver_retail_cleaned_StockCode.1e229e5557
[0m15:57:27.527469 [debug] [Thread-3 (]: SQL status: SUCCESS 1 in 0.529 seconds
[0m15:57:27.533238 [info ] [Thread-3 (]: 21 of 25 PASS not_null_silver_retail_cleaned_InvoiceDate ....................... [[32mPASS[0m in 0.56s]
[0m15:57:27.535133 [debug] [Thread-3 (]: Finished running node test.datasense_dbt.not_null_silver_retail_cleaned_InvoiceDate.3faa240dd4
[0m15:57:27.567325 [debug] [Thread-4 (]: SQL status: SUCCESS 1 in 0.865 seconds
[0m15:57:27.570472 [info ] [Thread-4 (]: 17 of 25 PASS not_null_gold_daily_revenue_total_revenue ........................ [[32mPASS[0m in 0.88s]
[0m15:57:27.571375 [debug] [Thread-4 (]: Finished running node test.datasense_dbt.not_null_gold_daily_revenue_total_revenue.27540968f5
[0m15:57:27.584402 [debug] [Thread-5 (]: SQL status: SUCCESS 1 in 0.195 seconds
[0m15:57:27.587398 [info ] [Thread-5 (]: 25 of 25 PASS not_null_silver_retail_cleaned_is_guest_purchase ................. [[32mPASS[0m in 0.21s]
[0m15:57:27.588397 [debug] [Thread-5 (]: Finished running node test.datasense_dbt.not_null_silver_retail_cleaned_is_guest_purchase.16a50943f5
[0m15:57:27.589396 [debug] [MainThread]: Connection 'master' was properly closed.
[0m15:57:27.589396 [debug] [MainThread]: Connection 'list_DATASENSE_DB_PUBLIC_PUBLIC_SILVER' was left open.
[0m15:57:27.590509 [debug] [MainThread]: On list_DATASENSE_DB_PUBLIC_PUBLIC_SILVER: Close
[0m15:57:27.746310 [debug] [MainThread]: Connection 'list_DATASENSE_DB_PUBLIC_PUBLIC_GOLD' was left open.
[0m15:57:27.747551 [debug] [MainThread]: On list_DATASENSE_DB_PUBLIC_PUBLIC_GOLD: Close
[0m15:57:27.901400 [debug] [MainThread]: Connection 'list_DATASENSE_DB_PUBLIC_PUBLIC_BRONZE' was left open.
[0m15:57:27.902408 [debug] [MainThread]: On list_DATASENSE_DB_PUBLIC_PUBLIC_BRONZE: Close
[0m15:57:28.063853 [debug] [MainThread]: Connection 'test.datasense_dbt.not_null_silver_retail_cleaned_StockCode.1e229e5557' was left open.
[0m15:57:28.063853 [debug] [MainThread]: On test.datasense_dbt.not_null_silver_retail_cleaned_StockCode.1e229e5557: Close
[0m15:57:28.219216 [debug] [MainThread]: Connection 'test.datasense_dbt.not_null_silver_retail_cleaned_InvoiceDate.3faa240dd4' was left open.
[0m15:57:28.221219 [debug] [MainThread]: On test.datasense_dbt.not_null_silver_retail_cleaned_InvoiceDate.3faa240dd4: Close
[0m15:57:28.370792 [debug] [MainThread]: Connection 'test.datasense_dbt.not_null_gold_daily_revenue_total_revenue.27540968f5' was left open.
[0m15:57:28.371792 [debug] [MainThread]: On test.datasense_dbt.not_null_gold_daily_revenue_total_revenue.27540968f5: Close
[0m15:57:28.499384 [debug] [MainThread]: Connection 'test.datasense_dbt.not_null_silver_retail_cleaned_is_guest_purchase.16a50943f5' was left open.
[0m15:57:28.500389 [debug] [MainThread]: On test.datasense_dbt.not_null_silver_retail_cleaned_is_guest_purchase.16a50943f5: Close
[0m15:57:28.746504 [info ] [MainThread]: 
[0m15:57:28.748556 [info ] [MainThread]: Finished running 25 data tests in 0 hours 0 minutes and 5.36 seconds (5.36s).
[0m15:57:28.753550 [debug] [MainThread]: Command end result
[0m15:57:28.787995 [debug] [MainThread]: Wrote artifact WritableManifest to C:\Users\anany\Projects\DataSense\dbt_project\target\manifest.json
[0m15:57:28.790041 [debug] [MainThread]: Wrote artifact SemanticManifest to C:\Users\anany\Projects\DataSense\dbt_project\target\semantic_manifest.json
[0m15:57:28.796851 [debug] [MainThread]: Wrote artifact RunExecutionResult to C:\Users\anany\Projects\DataSense\dbt_project\target\run_results.json
[0m15:57:28.796851 [info ] [MainThread]: 
[0m15:57:28.797820 [info ] [MainThread]: [32mCompleted successfully[0m
[0m15:57:28.797820 [info ] [MainThread]: 
[0m15:57:28.798831 [info ] [MainThread]: Done. PASS=25 WARN=0 ERROR=0 SKIP=0 NO-OP=0 TOTAL=25
[0m15:57:28.799927 [debug] [MainThread]: Command `dbt test` succeeded at 15:57:28.799927 after 7.04 seconds
[0m15:57:28.800833 [debug] [MainThread]: Sending event: {'category': 'dbt', 'action': 'invocation', 'label': 'end', 'context': [<snowplow_tracker.self_describing_json.SelfDescribingJson object at 0x0000029E915026B0>, <snowplow_tracker.self_describing_json.SelfDescribingJson object at 0x0000029EAEB88160>, <snowplow_tracker.self_describing_json.SelfDescribingJson object at 0x0000029EAEB880D0>]}
[0m15:57:28.800833 [debug] [MainThread]: Flushing usage events
[0m15:57:28.993409 [debug] [MainThread]: An error was encountered while trying to flush usage events
